OverallQual,GrLivArea,GarageCars,ExterQual,GarageArea,BsmtQual,TotalBsmtSF,1stFlrSF,KitchenQual,FullBath,GarageFinish,TotRmsAbvGrd,YearBuilt,YearRemodAdd,MasVnrArea,SalePrice
6,1710,2,2,548,2,856,856,2,2,1,8,2003,2003,196.0,208500
5,1262,2,3,460,2,1262,1262,3,2,1,6,1976,1976,0.0,181500
6,1786,2,2,608,2,920,920,2,2,1,6,2001,2002,162.0,223500
6,1717,3,3,642,3,756,961,2,1,2,7,1915,1970,0.0,140000
7,2198,3,2,836,2,1145,1145,2,2,1,9,2000,2000,350.0,250000
4,1362,2,3,480,2,796,796,3,1,2,5,1993,1995,0.0,143000
7,1694,2,2,636,0,1686,1694,2,2,1,7,2004,2005,186.0,307000
6,2090,2,3,484,2,1107,1107,3,2,1,7,1973,1973,240.0,200000
6,1774,2,3,468,3,952,1022,3,2,2,8,1931,1950,0.0,129900
4,1077,1,3,205,3,991,1077,3,1,1,5,1939,1950,0.0,118000
4,1040,1,3,384,3,1040,1040,3,1,2,5,1965,1965,0.0,129500
8,2324,3,0,736,0,1175,1182,0,3,0,11,2005,2006,286.0,345000
4,912,1,3,352,3,912,912,3,1,2,4,1962,1962,0.0,144000
6,1494,3,2,840,2,1494,1494,2,2,1,7,2006,2007,306.0,279500
5,1253,1,3,352,3,1253,1253,3,1,1,5,1960,1960,212.0,157000
6,854,2,3,576,3,832,854,3,1,2,5,1929,2001,0.0,132000
5,1004,2,3,480,3,1004,1004,3,1,0,5,1970,1970,180.0,149000
3,1296,2,3,516,4,0,1296,3,2,2,6,1967,1967,0.0,90000
4,1114,2,3,576,3,1114,1114,2,1,2,6,2004,2004,0.0,159000
4,1339,1,3,294,3,1029,1339,3,1,2,6,1958,1965,0.0,139000
7,2376,3,2,853,0,1158,1158,2,3,1,9,2005,2006,380.0,325300
6,1108,1,3,280,3,637,1108,2,1,2,6,1930,1950,0.0,139400
7,1795,2,2,534,2,1777,1795,2,2,1,7,2002,2002,281.0,230000
4,1060,2,3,572,2,1040,1060,3,1,2,6,1976,1976,0.0,129900
4,1060,1,3,270,3,1060,1060,2,1,2,6,1968,2001,0.0,154000
7,1600,3,2,890,2,1566,1600,2,2,1,7,2007,2007,640.0,256300
4,900,2,3,576,3,900,900,2,1,2,5,1951,2000,0.0,134800
7,1704,3,2,772,0,1704,1704,2,2,1,7,2007,2008,200.0,306000
4,1600,1,3,319,3,1484,1600,3,1,1,6,1957,1997,0.0,207500
3,520,1,3,240,3,520,520,1,1,2,4,1927,1950,0.0,68500
3,1317,1,3,250,3,649,649,3,1,2,6,1920,1950,0.0,40000
4,1228,1,3,271,3,1228,1228,2,1,2,6,1966,2006,0.0,149350
7,1234,2,2,484,0,1234,1234,2,2,1,7,2007,2007,0.0,179900
4,1700,2,3,447,3,1398,1700,2,1,1,6,1959,1959,0.0,165500
8,1561,2,0,556,0,1561,1561,0,2,0,6,2005,2005,246.0,277500
7,2452,3,2,691,0,1117,1132,2,3,0,9,2004,2005,132.0,309000
4,1097,2,3,672,2,1097,1097,3,1,2,6,1994,1995,0.0,145000
4,1297,2,3,498,3,1297,1297,3,1,0,5,1954,1990,650.0,153000
4,1057,1,3,246,3,1057,1057,2,1,2,5,1953,2007,0.0,109000
3,1152,0,3,0,4,0,1152,1,2,3,6,1955,1955,0.0,82000
5,1324,2,3,440,3,1088,1324,3,2,1,6,1965,1965,101.0,160000
4,1328,1,3,308,3,1350,1328,3,1,1,5,1959,1959,0.0,170000
4,884,2,3,504,2,840,884,2,1,1,5,1983,1983,0.0,144000
4,938,1,3,308,2,938,938,3,1,2,5,1975,1980,0.0,130250
4,1150,1,3,300,3,1150,1150,3,1,1,6,1959,1959,0.0,141000
8,1752,2,0,576,0,1752,1752,0,2,1,6,2005,2005,412.0,319900
6,2149,2,2,670,0,1434,1518,2,1,1,6,2003,2003,0.0,239686
7,1656,3,2,826,2,1656,1656,2,2,1,7,2006,2006,0.0,249700
3,1452,0,3,0,3,736,736,3,2,3,8,1920,2008,0.0,113000
4,955,1,3,386,3,955,955,3,1,2,6,1966,1966,0.0,127000
5,1470,2,3,388,2,794,794,3,2,0,6,1997,1997,0.0,177000
5,1176,2,3,528,3,816,816,3,1,2,6,1934,1950,0.0,114500
4,816,2,1,516,2,816,816,3,1,2,5,1963,1963,0.0,110000
8,1842,3,2,894,0,1842,1842,2,0,0,5,1981,1987,0.0,385000
4,1360,2,3,572,3,384,1360,3,1,2,6,1955,1955,0.0,130000
5,1425,2,3,576,3,1425,1425,3,2,1,7,1964,1964,272.0,180500
7,1739,2,2,480,2,970,983,2,2,0,7,1999,2000,456.0,172500
6,1720,2,2,565,2,860,860,2,2,1,7,2004,2004,0.0,196500
9,2945,3,0,641,0,1410,1426,2,3,0,10,2006,2006,1031.0,438780
4,780,1,3,352,3,780,780,3,1,2,4,1972,1972,0.0,124900
5,1158,2,3,576,2,1158,1158,2,1,2,5,2004,2004,0.0,158000
4,1111,1,3,288,3,530,581,1,1,2,6,1920,1996,0.0,101000
7,1370,2,2,484,2,1370,1370,2,2,1,6,2006,2006,178.0,202500
6,1710,2,3,480,3,576,902,3,2,2,9,1921,1950,0.0,140000
6,2034,2,3,645,2,1057,1057,2,2,1,8,1997,1998,573.0,219500
7,2473,3,2,852,0,1143,1143,2,2,1,9,2004,2005,344.0,317000
6,2207,2,3,576,2,1947,2207,3,2,1,7,1970,1989,287.0,180000
6,1479,2,2,558,2,1453,1479,2,2,1,7,2003,2003,167.0,226000
3,747,1,3,220,3,747,747,3,1,2,4,1945,1950,0.0,80000
6,2287,2,2,667,3,1304,1304,3,2,0,7,1953,1953,0.0,225000
6,2223,2,3,516,2,2223,2223,3,2,0,8,1973,1973,1115.0,244000
3,845,2,3,360,3,845,845,3,1,2,4,1982,2006,0.0,129500
6,1718,2,3,427,2,832,885,3,2,0,7,1998,1998,40.0,185000
4,1086,2,3,490,3,1086,1086,3,1,2,6,1954,2003,104.0,144900
2,1605,1,2,379,1,840,840,3,2,2,8,1915,1950,0.0,107400
3,988,1,3,297,2,462,526,3,1,2,5,1973,1973,0.0,91000
3,952,1,3,283,3,952,952,3,1,2,4,1956,1956,0.0,135750
4,1285,1,3,240,3,672,1072,3,1,2,6,1948,2001,0.0,127000
3,1768,0,3,0,3,1768,1768,3,2,3,8,1968,1968,0.0,136500
4,1230,2,3,440,3,440,682,3,1,2,5,1910,1981,0.0,110000
5,2142,1,3,509,2,896,1182,2,2,0,8,1968,1968,576.0,193500
5,1337,2,3,405,0,1237,1337,3,2,0,5,1998,1998,443.0,153500
7,1563,3,3,758,2,1563,1563,2,2,1,6,2007,2007,468.0,245000
4,1065,2,3,461,3,1065,1065,3,1,2,6,1960,1960,66.0,126500
6,1474,2,3,400,2,384,804,3,2,0,7,1995,1996,22.0,168500
7,2417,2,2,462,2,1288,1301,2,2,2,9,1991,1992,284.0,260000
5,1560,2,2,400,2,684,684,2,2,0,6,2005,2005,0.0,174000
5,1224,2,2,528,2,612,612,2,2,1,4,2009,2009,76.0,164500
2,1526,0,1,0,3,1013,1013,1,1,3,6,1915,1982,0.0,85000
3,990,0,3,0,2,990,990,3,1,3,5,1994,1995,0.0,123600
3,1040,2,3,420,4,0,1040,3,1,2,4,1950,1950,0.0,109900
4,1235,2,3,480,3,1235,1235,3,1,2,6,1961,1961,203.0,98600
4,964,2,3,432,2,876,964,3,1,2,5,1921,2006,0.0,163500
5,2291,2,3,506,3,1214,1260,3,2,2,9,1910,1998,0.0,133900
5,1786,2,3,684,2,824,905,2,2,1,7,1997,1997,0.0,204750
5,1470,2,0,420,2,680,680,3,2,0,6,1993,1993,68.0,185000
6,1588,2,2,472,2,1588,1588,2,2,1,6,1999,1999,183.0,214000
3,960,1,3,432,3,960,960,3,1,0,6,1965,1965,48.0,94750
4,835,1,3,366,3,458,835,3,1,2,5,1920,1950,0.0,83000
3,1225,0,3,0,3,950,1225,3,1,3,6,1959,1959,0.0,128950
5,1610,2,3,480,3,1610,1610,2,2,1,6,1977,2001,28.0,205000
5,1732,2,2,476,2,741,977,2,2,0,7,1985,1985,336.0,178000
4,1535,2,3,410,4,0,1535,3,2,2,8,1979,1979,0.0,118964
6,1226,3,3,740,2,1226,1226,2,2,1,6,2009,2009,0.0,198900
6,1818,1,3,240,3,1040,1226,3,1,2,7,1931,1950,600.0,169500
7,1992,2,2,648,0,1053,1053,2,2,1,9,2003,2004,768.0,250000
3,1047,1,3,273,1,641,1047,3,1,2,6,1885,1995,0.0,100000
4,789,1,3,250,3,789,789,3,1,2,5,1948,1950,0.0,115000
4,1517,0,3,0,3,793,997,1,2,3,7,1919,2005,0.0,115000
5,1844,2,3,546,2,1844,1844,3,2,1,7,1977,1977,480.0,190000
5,1855,1,3,325,3,994,1216,3,2,2,7,1954,1972,0.0,136900
6,1430,2,3,400,2,384,774,3,2,0,7,2000,2000,0.0,180000
6,2696,3,2,792,0,1264,1282,0,2,0,10,2007,2007,220.0,383970
5,2259,2,3,450,2,1809,2259,2,2,2,7,1953,1953,184.0,217000
5,2320,1,3,180,3,1028,1436,2,2,2,9,1945,2002,0.0,259500
5,1458,2,3,440,2,729,729,3,2,2,5,1999,1999,1129.0,176000
4,1092,1,3,288,3,1092,1092,3,1,2,6,1962,1962,116.0,139000
4,1125,2,3,430,2,1125,1125,3,1,2,5,2006,2007,0.0,155000
6,3222,3,3,594,2,1673,1699,2,3,2,11,1990,1990,0.0,320000
5,1456,2,2,390,2,728,728,2,2,0,8,2005,2006,0.0,163990
5,988,2,3,540,3,938,988,3,1,2,4,1969,1969,0.0,180000
3,1123,1,3,264,3,732,772,3,1,2,4,1939,1950,0.0,100000
5,1080,1,3,288,3,1080,1080,3,1,2,5,1958,1958,135.0,136000
5,1199,2,2,530,2,1199,1199,2,2,1,5,1993,1993,0.0,153900
5,1586,2,3,435,2,1362,1586,3,2,2,7,1979,1998,0.0,181000
5,754,0,3,0,3,520,520,3,1,3,5,1935,1982,0.0,84500
5,958,2,3,440,2,1078,958,3,2,1,5,1976,1976,0.0,128000
4,840,0,3,0,3,672,840,3,1,3,5,1930,1950,0.0,87000
5,1348,2,3,453,3,660,660,3,1,1,6,1966,1966,266.0,155000
4,1053,2,3,750,3,1008,1053,0,1,1,6,1958,1991,85.0,150000
6,2157,2,3,487,3,924,1216,2,2,0,8,1966,1966,309.0,226000
5,2054,2,2,390,2,992,1022,2,2,1,7,2000,2000,40.0,244000
4,1327,2,3,624,3,1063,1327,2,1,2,7,1959,2002,0.0,150750
7,1296,2,2,471,0,1267,1296,2,2,0,6,2001,2002,136.0,220000
4,1721,2,3,440,3,1461,1721,3,2,1,7,1968,1993,0.0,180000
6,1682,2,3,530,3,1304,1682,3,2,2,7,1970,1970,288.0,174000
4,1214,1,3,318,3,1214,1214,3,2,1,5,1967,1967,196.0,143000
6,1959,3,3,766,3,1907,1959,3,3,2,9,1988,1989,70.0,171000
7,1852,3,2,660,2,1004,1004,2,2,0,7,1999,2000,320.0,230000
5,1764,2,3,470,2,928,928,2,2,1,7,1997,1997,0.0,231500
3,864,0,3,0,3,864,864,3,1,3,5,1971,1971,0.0,115000
6,1734,2,2,660,2,1734,1734,2,2,0,7,2005,2005,0.0,260000
4,1385,2,3,720,3,910,910,3,2,2,6,1952,1952,0.0,166000
6,1501,2,2,577,2,1490,1501,2,2,1,6,1999,1999,183.0,204000
4,1728,2,3,504,3,1728,1728,3,2,2,10,1963,1963,336.0,125000
5,1709,2,2,380,2,970,970,2,2,2,7,2004,2006,50.0,130000
4,875,1,3,180,3,715,875,3,1,2,5,1931,1993,0.0,105000
6,2035,2,2,434,2,884,884,2,2,0,8,2001,2001,180.0,222500
6,1080,0,3,0,2,1080,1080,2,1,3,6,2004,2005,120.0,141000
4,1344,1,3,240,2,896,896,3,1,2,7,1936,1950,0.0,115000
4,969,2,3,440,3,969,969,3,1,2,5,1975,1975,0.0,122000
7,1710,3,2,866,0,1710,1710,2,2,1,6,2007,2008,436.0,372402
5,1993,2,3,495,3,825,1097,3,2,1,8,1971,1971,252.0,190000
5,1252,2,3,564,2,1602,1252,3,1,1,4,1960,1975,0.0,235000
5,1200,1,3,312,3,1200,1200,3,1,2,7,1923,1950,0.0,125000
5,1096,0,3,0,3,572,572,3,1,3,5,1924,1950,0.0,79000
4,1040,2,3,625,4,0,1040,3,1,2,5,1950,1950,0.0,109500
7,1968,3,2,680,0,774,774,0,2,0,8,2009,2010,84.0,269500
6,1947,2,2,678,2,991,991,2,2,1,8,2004,2005,0.0,254900
6,2462,2,2,576,2,1392,1392,2,2,1,9,2005,2006,456.0,320000
5,1232,2,3,516,2,1232,1232,3,2,2,6,1984,1984,0.0,162500
8,2668,3,2,726,0,1572,1572,0,2,0,10,2003,2004,664.0,412500
6,1541,2,2,532,2,1541,1541,2,2,1,7,2005,2005,226.0,220000
3,882,0,3,0,3,882,882,3,1,3,4,1956,1956,0.0,103200
5,1616,1,3,216,3,1149,1149,2,2,2,5,1926,2004,0.0,152000
4,1355,0,3,0,3,644,808,3,2,3,6,1940,1999,0.0,127500
4,1867,1,2,303,3,1617,1867,3,1,0,7,1955,1993,0.0,190000
7,2161,3,2,789,0,1582,1610,0,1,0,8,2007,2007,300.0,325624
6,1720,2,2,440,2,840,840,2,2,0,7,2004,2004,0.0,183500
7,1707,2,2,511,2,1686,1707,3,2,1,6,1981,1981,653.0,228000
4,1382,2,3,660,3,720,854,3,1,2,7,1941,1950,0.0,128500
5,1656,2,3,528,3,1080,1656,3,1,0,7,1960,1960,112.0,215000
6,1767,2,2,504,2,1064,1064,2,2,1,5,1987,1987,0.0,239000
5,1362,2,3,504,3,1362,1362,3,1,2,6,1961,1961,491.0,163000
5,1651,2,3,616,2,1606,1651,3,2,0,7,1986,1986,132.0,184000
5,2158,2,3,576,3,1202,2158,2,2,2,7,1950,2001,0.0,243000
5,2060,2,2,521,2,1151,1164,3,2,2,8,1988,1989,268.0,211000
4,1920,2,2,451,3,1052,1252,2,2,2,8,1958,1958,0.0,172500
8,2234,3,0,1166,0,2216,2234,0,2,0,9,2008,2009,748.0,501837
4,968,2,2,480,3,968,968,3,1,2,5,1923,2006,0.0,100000
5,1525,2,2,440,2,756,769,2,2,2,5,2000,2000,456.0,177000
6,1802,1,3,216,1,793,901,3,1,2,9,1920,1950,0.0,200100
4,1340,1,3,252,4,0,1340,3,1,1,7,1957,2006,98.0,120000
6,2082,2,3,484,2,1362,1362,2,2,2,6,2003,2003,0.0,200000
4,1252,2,3,576,1,504,936,3,1,2,5,1908,1991,0.0,127000
9,3608,3,2,840,3,1107,1518,0,2,2,12,1892,1993,0.0,475000
6,1217,2,3,497,2,1188,1217,2,2,2,6,1990,1991,0.0,173000
4,1656,1,3,180,1,660,808,3,2,2,8,1916,1987,0.0,135000
4,1224,2,3,528,2,1086,1224,3,0,2,6,1979,1979,275.0,153337
7,1593,2,2,682,0,1593,1593,0,1,0,5,2001,2002,0.0,286000
7,2727,2,2,440,2,853,1549,2,2,2,10,1932,1994,0.0,315000
6,1479,2,3,484,3,725,725,2,1,0,7,1972,2004,138.0,184000
6,1431,2,2,666,2,1431,1431,2,2,0,6,1999,1999,0.0,192000
6,1709,2,2,380,2,970,970,2,2,2,7,2004,2004,50.0,130000
4,864,1,3,352,3,864,864,3,1,2,5,1972,1972,0.0,127000
5,1456,2,3,440,2,855,855,3,2,2,7,1976,1976,0.0,148500
6,1726,3,0,786,0,1726,1726,0,2,0,8,2007,2007,205.0,311872
7,3112,2,2,795,3,1360,1360,2,2,2,8,1918,1990,0.0,235000
5,2229,0,3,0,3,755,929,3,1,3,8,1912,1950,0.0,104000
7,1713,3,2,856,0,1713,1713,0,2,0,7,2004,2005,262.0,274900
3,1121,2,3,440,2,1121,1121,3,2,1,5,2003,2004,0.0,140000
5,1279,2,3,473,3,1196,1279,3,2,2,6,1977,1977,0.0,171500
5,1310,1,3,398,1,617,865,3,2,2,6,1924,1950,0.0,112000
5,848,2,2,420,2,848,848,2,1,1,3,2004,2004,205.0,149000
4,1284,1,3,240,3,720,720,3,1,2,5,1947,1950,0.0,110000
6,1442,2,3,500,2,1424,1442,3,2,1,5,1990,1990,0.0,180500
4,1696,1,3,349,3,1140,1696,3,1,1,8,1962,1962,0.0,143900
3,1100,1,3,312,3,1100,1100,3,1,1,6,1960,1960,0.0,141000
6,2062,2,2,454,2,1157,1180,3,2,0,7,1988,1989,128.0,277000
5,1092,2,3,504,2,1092,1092,3,1,1,6,1964,1964,260.0,145000
4,864,0,3,0,3,864,864,3,1,3,5,1925,1950,0.0,98000
5,1212,2,3,460,2,1212,1212,2,2,1,6,2009,2009,0.0,186000
6,1852,2,3,644,2,900,932,2,2,1,7,2009,2009,0.0,252678
4,990,2,3,576,2,990,990,3,1,2,5,1995,1995,0.0,156000
5,1392,1,3,299,2,689,689,3,1,0,6,1977,1977,153.0,161750
4,1236,1,3,447,3,1070,1236,2,1,2,6,1957,1996,64.0,134450
6,1436,2,2,484,2,1436,1436,2,2,2,8,2004,2004,266.0,210000
3,1328,1,3,210,3,686,810,3,1,2,8,1925,1950,0.0,107000
6,1954,2,2,431,3,798,1137,2,1,2,8,1939,2006,312.0,311500
6,1248,2,2,438,2,1248,1248,2,2,0,5,2005,2006,16.0,167240
6,1498,2,2,675,2,1498,1498,2,2,1,5,2006,2006,0.0,204900
5,2267,2,2,390,2,1010,1010,2,2,1,8,2002,2002,0.0,200000
5,1552,2,3,434,2,713,811,3,2,1,6,1975,1975,0.0,179900
3,864,2,3,576,3,864,864,3,1,2,4,1971,1971,0.0,97000
9,2392,3,0,968,0,2392,2392,0,2,0,8,2003,2003,922.0,386250
4,1302,1,3,280,3,630,630,3,2,2,6,1971,1971,142.0,112000
6,2520,3,2,721,2,1203,1214,2,2,1,9,1995,1995,290.0,290000
5,987,1,3,280,3,483,483,3,1,2,5,1970,1970,127.0,106000
4,912,1,3,336,3,912,912,3,1,2,5,1967,1967,0.0,125000
6,1555,2,2,430,2,1373,1555,2,2,0,7,2005,2006,16.0,192500
5,1194,1,3,312,3,1194,1194,3,1,1,6,1959,1959,220.0,148000
7,2794,3,2,810,2,1462,1490,0,2,0,9,1995,1996,506.0,403000
5,987,1,3,288,3,483,483,3,1,2,5,1972,1972,297.0,94500
4,894,1,3,308,3,894,894,3,1,2,5,1976,1976,0.0,128200
5,1960,2,2,440,2,860,860,2,2,0,8,2002,2002,103.68526170798899,216500
5,987,1,3,264,3,483,483,3,1,2,5,1971,1971,604.0,89500
6,1414,2,2,494,2,1414,1414,2,2,1,6,2004,2004,98.0,185500
6,1744,2,2,457,2,996,1014,2,2,1,7,1993,2003,0.0,194500
7,1694,3,0,818,0,1694,1694,2,2,0,7,2007,2007,254.0,318000
5,1487,1,3,220,3,735,798,3,1,2,7,1945,1950,0.0,113000
7,1566,2,2,750,2,1566,1566,2,2,1,7,2008,2008,36.0,262500
4,866,0,3,0,3,686,866,2,1,3,4,1945,1997,0.0,110500
4,1440,1,3,352,3,540,889,3,1,2,6,1900,1950,0.0,79000
5,1217,1,3,288,2,626,626,3,1,1,6,1980,1980,0.0,120000
6,2110,2,2,463,2,948,1222,2,2,1,8,1994,2002,0.0,205000
6,1872,2,3,604,2,1845,1872,3,2,0,6,1988,1988,102.0,241500
5,1928,1,3,440,1,1020,908,1,2,2,9,1910,1950,0.0,137000
5,1375,2,3,451,3,1367,1375,3,1,2,5,1954,1954,0.0,140000
6,1668,2,2,500,2,840,840,2,2,1,8,2003,2003,101.0,180000
5,2144,2,2,389,2,1444,1444,2,2,0,7,1958,2006,472.0,277000
2,1306,0,3,0,3,728,1306,1,1,3,6,1940,1966,0.0,76500
7,1625,2,2,538,2,1573,1625,2,2,0,5,2006,2007,481.0,235000
5,1640,2,2,520,2,798,798,2,2,1,6,2004,2004,0.0,173000
5,1302,1,3,309,2,1302,1302,2,2,1,7,1964,1991,108.0,158000
4,1314,1,3,294,3,1314,1314,3,1,1,5,1957,1957,0.0,145000
6,2291,2,2,429,2,975,1005,2,2,0,8,1999,1999,302.0,230000
5,1728,2,2,673,2,864,864,2,2,1,7,2003,2003,0.0,207500
6,1604,2,2,660,2,1604,1604,2,2,1,8,2006,2006,180.0,220000
6,1792,2,2,564,2,963,963,2,2,1,7,2001,2001,172.0,231500
4,882,1,3,308,4,0,882,3,1,2,4,1956,1956,0.0,97000
5,1382,2,3,884,3,1362,1382,3,1,2,6,1962,1962,399.0,176000
7,2574,3,2,868,0,1482,1482,0,2,0,10,2007,2007,270.0,276000
5,1212,2,3,492,2,506,1212,3,1,2,6,1977,1995,46.0,151000
4,1316,2,3,484,3,926,926,3,1,2,6,1929,2001,0.0,130000
4,764,2,3,504,1,680,764,3,1,2,4,1925,2004,0.0,73000
5,1422,2,3,576,2,1422,1422,2,2,0,7,1981,1981,210.0,175500
5,1511,2,3,413,2,802,802,3,2,0,8,1997,1997,0.0,185000
4,2192,1,3,240,3,720,1052,2,2,2,8,1939,1997,0.0,179500
4,778,1,3,924,3,740,778,3,1,0,4,1940,1955,0.0,120500
5,1113,1,3,504,3,1143,1113,3,1,1,6,1976,1976,174.0,148000
7,1939,3,2,1053,2,1095,1095,2,2,1,8,2006,2006,0.0,266000
6,1363,2,3,439,2,1385,1363,3,1,2,5,1954,2005,0.0,241500
7,2270,3,2,671,2,1152,1164,2,2,0,9,1999,2007,348.0,290000
5,1632,1,3,338,3,1240,1632,3,2,1,6,1958,1988,183.0,139000
4,816,1,3,264,3,816,816,3,1,2,5,1982,1982,0.0,124500
6,1548,2,2,672,3,952,952,0,2,2,5,1925,2007,0.0,205000
6,1560,2,2,573,0,1560,1560,2,2,0,7,2003,2003,0.0,201000
3,864,2,3,400,3,864,864,3,1,2,4,1951,1951,0.0,141000
8,2121,3,0,732,0,2121,2121,0,2,0,8,2006,2007,315.0,415298
6,2022,2,3,505,2,1160,1156,3,2,0,8,1977,1977,299.0,192000
6,1982,2,2,575,2,807,1175,2,2,0,7,1989,1989,340.0,228500
5,1262,2,2,572,2,1262,1262,2,2,0,5,2006,2006,68.0,185000
6,1314,2,2,626,2,1314,1314,2,2,1,6,2007,2008,166.0,207500
7,1468,3,2,898,2,1468,1468,2,2,0,6,2008,2009,72.0,244600
5,1575,2,2,529,2,1575,1575,2,2,1,5,1992,1992,0.0,179200
6,1250,2,2,528,2,625,625,2,2,1,5,2006,2007,0.0,164700
5,1734,2,3,440,3,912,1085,2,1,1,7,1962,1981,0.0,159000
3,858,0,3,0,3,858,858,3,1,3,5,1971,1971,0.0,88000
4,900,1,3,280,3,882,900,3,1,2,5,1967,1967,31.0,122000
5,1396,1,3,384,3,698,698,3,1,2,7,1915,2003,0.0,153575
7,1919,2,2,685,2,1079,1079,2,2,1,8,2006,2006,0.0,233230
4,1716,0,3,0,3,780,936,1,2,3,9,1912,2000,0.0,135900
4,1716,1,3,281,3,768,1148,3,1,2,8,1949,2008,0.0,131000
6,2263,2,3,539,3,795,1468,2,2,0,9,1977,1994,34.0,235000
5,1644,2,3,418,3,1416,1644,3,1,0,7,1953,1953,238.0,167000
5,1003,2,3,588,3,1003,1003,3,1,2,6,1984,1984,0.0,142500
4,1558,1,3,282,3,910,910,3,1,2,6,1950,1950,0.0,152000
6,1950,2,2,576,2,975,975,2,2,1,7,1997,1998,1600.0,239000
5,1743,2,2,539,3,702,1041,3,1,2,7,1968,1968,365.0,175000
5,1152,1,3,300,3,1092,1152,2,1,2,6,1950,2004,0.0,158500
4,1336,1,3,375,3,1165,1336,3,1,2,5,1953,1953,56.0,157000
7,2452,2,2,683,2,1028,1210,2,2,0,9,1998,1999,0.0,267000
6,1541,3,2,843,2,1541,1541,2,2,1,6,2001,2002,150.0,205000
4,894,2,3,552,3,894,894,3,1,2,5,1972,1972,0.0,149900
6,3493,3,3,870,3,1470,1675,2,3,2,10,1880,2002,0.0,295000
7,2000,3,2,888,2,2000,2000,2,2,0,8,2004,2005,246.0,305900
6,2243,3,2,746,2,700,1122,2,2,1,8,1990,1991,246.0,225000
5,1406,0,3,0,3,319,1035,1,1,3,6,1920,1950,0.0,89500
3,861,2,3,539,3,861,861,3,1,2,4,1940,1950,0.0,82500
8,1944,3,2,708,0,1896,1944,0,2,0,8,2003,2004,0.0,360000
5,1501,2,3,420,2,697,697,2,2,0,6,1993,1994,112.0,165600
5,972,1,3,240,3,972,972,3,1,2,5,1948,2002,0.0,132000
4,1118,2,3,410,2,793,793,3,1,2,5,1939,1950,0.0,119900
6,2036,2,3,513,2,2136,2036,3,2,1,8,1965,1965,0.0,375000
6,1641,2,3,546,3,728,832,0,1,2,6,1925,1990,0.0,178000
6,1432,2,2,432,2,716,716,2,2,0,6,2004,2005,0.0,188500
6,2353,2,2,484,2,845,1153,0,2,1,10,1980,1980,278.0,260000
7,1959,3,2,1025,2,1088,1088,2,2,1,8,2006,2006,0.0,270000
6,2646,3,2,656,2,1347,1372,2,2,1,9,1993,1993,256.0,260000
6,1472,2,3,588,2,1372,1472,3,2,2,6,1980,1980,225.0,187500
8,2596,3,3,840,0,1249,1249,2,3,1,9,2006,2006,370.0,342643
7,2468,3,2,872,0,1136,1136,2,2,0,10,2004,2004,388.0,354000
6,2730,2,2,576,3,1502,1553,2,2,0,8,1986,1987,172.0,301000
2,1163,1,3,220,3,1162,1163,3,1,2,6,1955,2005,0.0,126175
6,2978,2,2,564,2,710,1898,2,2,0,11,1967,2007,300.0,242000
4,803,2,3,360,3,720,803,3,1,2,5,1941,1950,0.0,87000
7,1719,2,2,473,2,1719,1719,2,1,0,6,1993,1993,0.0,324000
5,1383,1,3,292,3,1383,1383,3,1,1,7,1960,1960,175.0,145250
5,2134,2,3,441,3,844,1445,2,2,2,10,1916,1994,0.0,214500
4,1192,1,3,189,3,596,596,3,1,2,6,1920,1950,0.0,78000
4,1728,1,3,352,3,1728,1728,3,2,2,10,1964,1964,84.0,119000
4,1056,1,3,308,3,1056,1056,3,1,1,6,1958,1992,0.0,139000
7,1629,3,2,880,2,3206,1629,2,2,1,7,2003,2004,296.0,284000
6,1358,2,2,484,2,1358,1358,2,2,1,6,2004,2004,146.0,207000
5,1638,2,3,472,2,943,943,3,2,0,7,1998,1998,0.0,192000
4,1786,2,3,529,3,1499,1619,3,2,0,7,1965,1965,0.0,228950
8,1922,3,2,676,0,1922,1922,2,2,0,8,2005,2006,200.0,377426
6,1536,2,2,532,2,1536,1536,2,2,1,7,2002,2003,113.0,214000
6,1621,2,2,440,2,1208,1621,2,2,1,8,1984,1998,0.0,202500
5,1215,1,3,297,3,1215,1215,3,1,2,6,1958,1998,176.0,155000
7,1908,2,2,431,2,967,993,2,2,0,9,2002,2002,0.0,202900
3,841,1,1,294,3,721,841,3,1,2,4,1950,1950,0.0,82000
2,1040,2,3,400,4,0,1040,3,2,2,6,1949,1950,340.0,87500
8,1684,2,0,564,0,1684,1684,0,2,1,6,2005,2005,616.0,266000
4,1112,1,3,336,2,536,536,3,1,2,4,1976,1976,0.0,85000
5,1577,1,3,312,3,972,972,1,1,2,6,1939,1950,0.0,140200
5,958,1,3,301,3,958,958,3,1,1,5,1960,1998,0.0,151500
5,1478,2,3,498,3,1478,1478,3,2,2,6,1960,1960,30.0,157500
6,1626,2,2,474,2,764,764,2,2,1,6,2003,2004,106.0,154000
8,2728,3,0,706,0,1848,1848,0,2,0,10,2005,2006,870.0,437154
8,1869,2,0,617,0,1869,1869,0,2,1,6,2007,2007,362.0,318061
6,1453,2,3,445,2,1453,1453,2,1,1,6,1986,1986,0.0,190000
4,1111,1,3,200,3,616,616,3,1,2,5,1941,1950,0.0,95000
5,720,2,3,484,3,624,720,3,1,2,5,1928,2003,0.0,105900
5,1595,1,3,240,3,940,1192,3,1,2,6,1940,2000,0.0,140000
5,1200,2,2,521,2,1200,1200,2,2,1,6,1995,1995,0.0,177500
5,1167,2,3,400,2,1158,1167,2,2,1,6,1992,1992,106.0,173000
4,1142,2,3,528,2,1142,1142,3,1,0,6,1976,1976,0.0,134000
4,1352,1,3,288,3,1062,1352,2,1,2,6,1958,1958,120.0,130000
7,1924,2,2,592,2,1086,1086,2,2,1,7,1998,1998,530.0,280000
5,912,2,3,470,2,888,912,3,1,1,5,1978,1978,0.0,156000
4,1505,1,3,240,3,883,988,3,1,2,8,1940,1982,0.0,145000
6,1922,2,2,672,4,0,495,2,3,1,7,2003,2003,500.0,198500
5,987,1,3,264,3,483,483,2,1,2,5,1972,2007,510.0,118000
5,1574,2,3,566,2,796,790,3,2,0,6,1976,1976,120.0,190000
4,1344,1,3,468,3,672,672,3,1,2,6,1920,1997,0.0,147000
5,1394,2,3,514,2,1394,1394,3,1,1,6,1963,1963,247.0,159000
5,1431,1,3,296,2,1099,1431,3,1,1,6,1962,1962,305.0,165000
4,1268,1,3,244,3,1268,1268,3,1,0,7,1954,1954,200.0,132000
4,1287,2,3,576,3,1063,1287,2,1,0,7,1959,2006,0.0,162000
5,1664,2,3,460,2,953,953,3,2,1,7,2000,2000,0.0,172400
3,1588,2,3,680,4,0,1120,3,2,0,7,1959,1959,0.0,134432
5,752,1,3,264,2,744,752,3,1,2,4,1984,1984,0.0,125000
4,1319,1,3,270,3,608,1319,3,1,2,5,1953,1953,0.0,123000
6,1928,2,2,434,2,847,847,2,2,0,8,2003,2004,0.0,219500
0,904,0,1,0,1,683,904,1,0,3,4,1922,1950,0.0,61000
4,914,2,2,576,2,870,914,3,1,2,5,1996,1996,0.0,148000
7,2466,2,2,610,2,1580,1580,2,3,1,8,2004,2005,0.0,340000
8,1856,3,2,834,0,1856,1856,0,1,0,8,2010,2010,350.0,394432
5,1800,2,3,463,2,982,1007,3,2,0,7,2000,2000,16.0,179000
4,1691,1,3,308,3,1026,1026,2,2,2,6,1924,1950,0.0,127000
6,1301,2,2,572,2,1293,1301,2,2,1,5,2006,2006,0.0,187750
6,1797,2,2,639,2,939,939,2,2,1,8,2006,2006,0.0,213500
5,784,2,3,360,1,784,784,3,1,2,5,1928,1950,0.0,76000
5,1953,2,2,501,2,1580,1079,2,2,0,9,1992,1992,0.0,240000
7,1269,2,2,430,2,1256,1269,2,2,0,6,2004,2005,16.0,192000
4,1184,0,3,0,3,658,658,3,1,3,8,1910,1996,0.0,81000
5,1125,1,3,352,3,1041,1125,3,1,2,6,1976,1976,255.0,125000
6,1479,2,2,577,2,1468,1479,2,2,1,6,1999,2000,125.0,191000
9,2332,3,0,846,0,1682,1742,0,2,0,9,2007,2008,272.0,426000
4,1367,1,3,384,3,861,961,3,1,2,7,1900,1950,0.0,119000
5,1961,2,3,560,0,804,804,2,2,0,7,2001,2002,0.0,215000
4,882,1,3,294,4,0,882,3,1,1,5,1959,1959,0.0,106500
3,788,0,3,0,3,788,788,3,1,3,4,1941,1950,0.0,100000
4,1034,1,3,240,3,735,735,3,1,2,5,1940,1950,0.0,109000
4,1144,1,3,596,3,1144,1144,3,1,2,6,1956,1956,0.0,129000
4,894,2,3,600,3,894,894,3,1,1,6,1972,1972,0.0,123000
4,1812,1,3,264,3,864,876,3,2,1,8,1962,1962,288.0,169500
4,1077,1,3,338,1,961,1077,3,1,2,6,1920,1950,0.0,67000
6,1550,2,2,438,2,1092,1112,2,2,0,7,2006,2007,100.0,241000
7,1288,2,2,500,2,1260,1288,0,1,0,4,1996,1996,0.0,245500
6,1310,2,2,400,2,1310,1310,2,2,0,6,2005,2005,0.0,164990
4,672,1,3,240,3,672,672,3,1,2,4,1940,1997,0.0,108000
7,2263,2,2,420,2,1141,1165,2,2,0,10,1998,1998,650.0,258000
5,1572,2,3,373,2,806,806,3,2,0,7,1995,1996,0.0,168000
3,1620,2,3,490,3,1281,1620,3,2,2,8,1976,1993,0.0,150000
5,1639,1,3,240,3,1064,1166,3,1,2,6,1936,1950,0.0,115000
5,1680,1,3,308,2,840,840,3,2,2,8,1915,1976,0.0,177000
6,2172,3,2,947,0,1063,1071,2,2,1,9,2006,2006,350.0,280000
7,2078,3,2,836,0,1034,1050,0,2,0,8,2007,2008,100.0,339750
4,1276,1,3,350,3,1276,1276,3,1,2,5,1958,1958,0.0,60000
4,1056,2,3,572,3,1056,1056,3,1,0,5,1955,1955,0.0,145000
6,1478,2,0,484,0,1470,1478,2,2,0,7,2009,2009,432.0,222000
4,1028,2,3,360,3,1008,1028,3,1,2,5,1927,1950,0.0,115000
6,2097,3,2,678,2,1080,1080,2,2,2,9,1993,1993,0.0,228000
6,1340,2,2,396,2,1340,1340,2,2,0,6,2007,2007,0.0,181134
5,1400,2,3,440,3,672,672,3,1,0,6,1978,1978,203.0,149500
5,2624,3,3,864,2,1370,1370,3,2,2,10,1918,1950,0.0,239000
4,1134,1,3,240,3,756,756,3,1,2,7,1940,1950,0.0,126000
4,1056,1,3,304,3,1056,1056,3,1,2,6,1968,1968,0.0,142000
6,1344,4,3,784,2,1344,1344,3,2,0,8,1997,1998,200.0,206300
5,1602,2,2,529,2,1602,1602,2,2,0,8,1977,2000,126.0,215000
4,988,2,3,520,3,988,988,3,1,1,4,1954,1954,0.0,113000
7,2630,3,2,696,2,1470,1470,2,2,0,8,1998,1998,473.0,315000
5,1196,1,3,297,2,1196,1196,3,1,1,6,1956,1956,74.0,139000
6,1389,1,3,240,3,651,707,3,1,2,6,1946,1992,0.0,135000
6,1644,2,2,569,2,1518,1644,2,2,0,5,1989,1989,145.0,275000
3,907,1,3,352,3,907,907,3,1,2,5,1957,1957,0.0,109008
6,1208,2,2,628,2,1208,1208,2,2,1,6,2007,2007,108.0,195400
5,1412,2,3,576,2,1392,1412,2,2,2,6,1988,1988,0.0,175000
5,987,1,3,264,3,483,483,3,1,2,4,1971,1971,232.0,85400
5,1198,0,3,0,3,901,1088,3,1,3,7,1920,1998,0.0,79900
4,1365,2,3,440,3,765,765,3,1,2,6,1971,1971,376.0,122500
5,1604,2,3,470,2,926,926,3,2,0,7,1997,1998,0.0,181000
3,630,0,3,0,2,630,630,3,1,3,3,1972,1972,0.0,81000
6,1661,2,2,550,2,799,827,2,2,1,6,1996,1996,0.0,212000
5,1118,2,3,440,1,648,734,3,1,2,6,1920,1950,0.0,116000
5,904,1,2,180,3,884,904,3,1,2,4,1926,2004,0.0,119000
4,694,1,3,352,3,440,694,2,1,2,4,1913,2002,0.0,90350
5,1196,2,3,528,3,684,684,2,1,2,7,1920,2000,0.0,110000
9,2402,3,0,672,0,3094,2402,0,2,0,10,2008,2008,200.0,555000
3,1440,0,3,0,3,1440,1440,1,2,3,8,1955,1955,270.0,118000
4,1573,2,3,360,3,1078,1128,3,2,2,8,1930,1992,0.0,162900
6,1258,3,2,648,0,1258,1258,2,2,0,6,2006,2007,72.0,172500
6,1908,2,2,493,2,915,933,2,2,2,8,1994,1995,0.0,210000
5,1689,2,3,480,3,1436,1689,3,1,2,7,1956,1956,0.0,127500
5,1888,2,2,578,3,1517,1888,2,2,0,6,1966,2002,0.0,190000
6,1886,2,2,431,2,930,956,2,2,0,10,1998,1999,0.0,199900
5,1376,1,3,198,3,780,780,3,2,2,7,1937,1950,0.0,119500
2,1183,1,3,308,3,649,679,3,1,2,6,1948,2002,0.0,120000
5,813,1,3,270,3,813,813,2,1,2,5,1930,2005,0.0,110000
6,1533,2,3,576,2,1533,1533,2,2,2,5,1975,1975,0.0,280000
5,1756,2,2,422,0,872,888,3,2,0,7,1996,1997,42.0,204000
7,1590,2,2,676,2,768,786,2,2,1,6,2008,2008,0.0,210000
4,1728,2,3,560,3,1728,1728,3,2,2,8,1976,1976,0.0,188000
6,1242,2,3,528,3,1242,1242,3,1,2,6,1973,1973,320.0,175500
4,1344,3,3,513,3,624,624,3,1,2,7,1916,1950,0.0,98000
3,1663,2,3,529,2,1364,1663,2,1,0,6,1954,1994,0.0,256000
7,1666,1,3,228,3,588,833,2,1,2,7,1925,1996,0.0,161000
4,1203,1,3,352,3,709,979,2,1,2,5,1950,1950,161.0,110000
7,1935,2,2,552,2,832,832,3,2,0,8,2009,2009,110.0,263435
6,1135,2,2,576,2,560,575,2,1,1,6,1936,2007,0.0,155000
4,864,1,3,360,3,864,864,3,1,2,5,1965,1965,0.0,62383
5,1660,1,3,240,3,715,849,3,1,2,6,1934,1995,0.0,188700
4,1040,0,3,0,2,1040,1040,3,2,3,5,1978,1978,136.0,124000
6,1414,2,2,398,2,1375,1414,2,2,0,6,2004,2004,18.0,178740
6,1277,2,3,526,3,1277,1277,3,1,2,5,1970,1970,0.0,167000
4,1644,1,3,312,3,728,888,2,1,2,7,1942,1995,224.0,146500
7,1634,3,2,866,2,1626,1634,2,2,1,7,2006,2006,248.0,250000
5,1710,2,2,506,2,832,832,2,2,1,7,1993,1993,120.0,187000
7,1502,2,2,528,2,1488,1502,2,1,1,4,1985,1985,0.0,212000
6,1969,2,3,534,2,808,1161,3,2,1,8,1977,1977,0.0,190000
5,1072,2,3,525,2,547,1072,3,1,1,5,2005,2005,80.0,148000
7,1976,3,2,908,0,1976,1976,2,2,1,7,2006,2007,304.0,440000
7,1652,2,2,499,2,1494,1652,0,2,1,6,2000,2000,0.0,251000
4,970,2,3,624,3,970,970,3,1,2,5,1963,1963,0.0,132500
5,1493,2,3,508,2,1478,1493,2,2,0,7,1997,1998,215.0,208900
8,2643,3,0,694,2,2153,2069,0,2,0,9,2006,2006,772.0,380000
7,1718,3,2,826,0,1705,1718,2,2,1,7,2007,2008,336.0,297000
3,1131,2,3,672,1,907,1131,3,1,2,7,1937,2000,435.0,89471
8,1850,3,2,772,0,1833,1850,2,2,0,8,2004,2005,378.0,326000
8,1792,3,2,874,0,1792,1792,0,2,0,6,2003,2004,562.0,374000
6,1826,1,2,164,3,910,916,0,1,2,7,1915,2005,0.0,155000
5,1216,2,3,402,0,1216,1216,3,2,2,5,1998,1998,116.0,164000
4,999,1,3,264,3,999,999,2,1,2,6,1962,2001,0.0,132500
4,1113,1,2,264,3,1113,1113,2,1,2,5,1950,2007,0.0,147000
4,1073,2,3,515,3,1073,1073,3,1,1,6,1965,1965,168.0,156000
4,1484,2,3,487,2,1484,1484,3,2,2,7,1971,1971,0.0,175000
4,2414,2,3,520,3,954,1766,3,2,2,10,1900,1970,0.0,160000
3,630,1,3,286,2,630,630,2,1,2,3,1970,2002,0.0,86000
4,1304,1,3,336,2,264,616,3,1,0,4,1976,1976,0.0,115000
5,1578,1,3,240,3,806,958,1,1,2,5,1941,1950,0.0,133000
5,1456,2,2,429,2,728,728,3,2,1,8,2006,2006,0.0,172785
4,1269,1,3,308,3,1269,1269,3,1,2,6,1960,1960,0.0,155000
4,886,1,3,273,1,190,886,3,1,2,4,1938,1996,0.0,91300
3,720,0,3,0,3,720,720,3,1,3,4,1920,1950,0.0,34900
7,3228,2,2,546,2,3200,3228,2,3,1,10,1992,1993,0.0,430000
6,1820,1,3,240,3,1026,1133,3,2,2,8,1925,1950,0.0,184000
4,899,1,3,288,3,864,899,2,1,0,5,1967,2004,89.0,130000
4,912,1,3,297,3,912,912,3,1,0,5,1958,1985,0.0,120000
5,1218,1,3,264,3,672,672,3,1,2,7,1973,1973,285.0,113000
6,1768,2,2,603,2,866,866,2,2,1,7,2005,2005,0.0,226700
4,1214,2,3,461,3,1214,1214,3,1,2,6,1965,1965,0.0,140000
6,1801,2,3,484,3,1501,1801,3,2,0,6,1959,1997,0.0,289000
5,1322,2,3,440,3,855,855,3,2,2,6,1974,1974,0.0,147000
4,1960,2,3,400,3,960,960,3,2,2,10,1952,1952,360.0,124500
7,1911,2,2,471,2,777,1065,2,2,1,8,1993,1994,125.0,215000
5,1218,2,2,676,2,1218,1218,2,2,0,4,2009,2009,0.0,208300
6,1378,2,3,360,3,689,689,2,2,2,7,1928,2005,0.0,161000
4,1041,1,3,270,3,1041,1041,3,1,1,6,1959,1959,132.0,124500
4,1363,1,2,288,3,1008,1363,3,1,2,6,1951,2000,70.0,164900
6,1368,2,2,474,2,1368,1368,2,2,1,6,2005,2006,94.0,202665
4,864,2,3,624,3,864,864,3,1,2,5,1958,1958,0.0,129900
5,1080,2,3,484,3,1084,1080,3,1,2,5,1983,1983,0.0,134000
4,789,1,3,200,3,768,789,3,1,2,5,1926,1950,0.0,96500
9,2020,3,0,900,0,2006,2020,0,2,0,9,2009,2009,305.0,402861
5,2119,2,3,583,3,689,1378,3,2,1,7,1972,1972,333.0,158000
6,2344,3,2,889,2,1264,1277,2,2,1,7,1996,1997,921.0,265000
5,1796,2,3,546,2,794,882,3,2,1,7,1998,1998,0.0,211000
6,2080,1,2,282,2,1276,1276,2,1,2,9,1926,2004,0.0,234000
3,1294,0,3,0,4,0,694,3,2,3,7,1900,2000,0.0,106250
5,1244,1,3,336,3,1244,1244,3,1,2,6,1957,1957,0.0,150000
5,1664,2,3,420,3,1004,1004,3,2,2,7,1947,1950,0.0,159000
9,4676,3,0,884,0,3138,3138,0,3,0,11,2007,2008,762.0,184750
6,2398,3,2,834,2,1379,1383,2,2,0,8,1996,1997,594.0,315750
6,1266,2,2,453,2,1257,1266,2,2,2,6,2005,2005,0.0,176000
4,928,1,3,252,2,928,928,3,1,2,4,1956,2000,0.0,132000
8,2713,3,0,858,0,1452,1476,0,2,0,11,2008,2008,268.0,446261
3,605,0,3,0,3,528,605,3,1,3,5,1920,2002,0.0,86000
5,2515,2,2,484,3,2035,2515,3,3,1,9,1957,1975,103.68526170798899,200624
5,1509,2,2,600,2,1461,1509,2,2,1,5,1988,1989,219.0,175000
5,1362,2,3,502,1,611,751,3,2,0,6,1920,1999,0.0,128000
4,827,1,3,392,4,0,827,3,1,2,5,1955,2007,0.0,107500
0,334,0,1,0,4,0,334,1,1,3,2,1946,1950,0.0,39300
7,1414,2,2,403,0,707,707,2,2,0,6,2004,2004,0.0,178000
4,1347,0,3,0,2,1117,820,3,1,3,5,1910,1991,0.0,107500
6,1724,2,3,527,2,880,880,2,2,0,8,1998,1999,0.0,188000
3,864,2,3,576,3,864,864,3,1,2,5,1972,1972,0.0,111250
4,1159,1,3,336,3,1051,1159,3,1,2,7,1968,1968,188.0,158000
7,1601,2,2,670,2,1581,1601,2,2,1,6,2001,2002,479.0,272000
8,1838,3,0,765,0,1838,1838,0,2,0,8,2006,2006,584.0,315000
7,2285,3,2,648,2,969,997,2,2,0,8,2000,2000,72.0,248000
6,1680,2,2,583,0,1650,1680,2,2,0,7,1998,1999,0.0,213250
6,767,1,3,367,2,723,767,3,1,0,4,1998,1998,182.0,133000
6,1496,2,2,426,2,654,664,2,2,1,7,2006,2006,0.0,179665
6,2183,3,2,786,2,1204,1377,2,2,2,9,1988,1988,178.0,229000
5,1635,2,3,440,2,1065,915,3,1,2,6,1923,1950,0.0,210000
4,768,2,3,624,2,768,768,3,1,2,5,1970,1970,0.0,129500
4,825,2,3,720,3,825,825,3,1,1,4,1955,1995,0.0,125000
6,2094,2,2,615,2,912,912,2,2,0,8,2003,2004,0.0,263000
5,1069,2,3,440,2,1069,1069,3,2,1,4,1977,1977,0.0,140000
4,928,1,3,288,3,928,928,3,1,0,5,1957,1957,0.0,112500
7,1717,3,2,908,0,1709,1717,2,2,1,7,2006,2006,250.0,255500
3,1126,2,3,520,4,0,1126,2,2,0,5,1949,2003,0.0,108000
6,2046,3,2,871,2,998,1006,2,2,1,8,2003,2004,292.0,284000
4,1048,1,3,280,3,993,1048,3,1,2,5,1922,1950,0.0,113000
4,1092,1,3,299,3,1092,1092,3,1,0,6,1957,1957,0.0,141000
3,1336,1,3,570,3,637,897,3,1,2,7,1920,1950,0.0,108000
6,1446,2,3,406,2,729,729,3,2,2,6,1996,1997,0.0,175000
6,1557,2,2,420,2,1374,1557,2,2,0,7,2003,2004,18.0,234000
4,1392,2,3,528,2,1392,1392,3,1,2,5,1957,1996,180.0,121500
4,1389,2,3,418,2,1389,1389,3,1,1,6,1974,1975,0.0,170000
4,996,0,3,0,3,996,996,3,1,3,6,1940,1969,0.0,108000
5,1674,2,3,396,2,1163,1163,3,2,0,8,1918,1950,0.0,185000
6,2295,2,2,590,2,1095,1166,2,2,1,9,1992,2000,0.0,268000
5,1647,1,3,216,2,806,841,1,1,2,6,1915,1950,0.0,128000
8,2504,3,2,656,2,1122,1134,0,2,0,11,2005,2007,245.0,325000
6,1535,2,2,532,2,1517,1535,2,2,1,7,2004,2004,168.0,214000
7,2132,2,2,612,2,1496,1496,2,1,0,5,1983,2009,0.0,316600
4,943,2,3,600,2,943,943,3,1,2,4,1979,1979,0.0,135960
4,1728,2,3,576,3,1728,1728,3,2,2,10,1965,1965,108.0,142600
5,864,1,3,288,3,864,864,2,1,2,4,1959,1959,207.0,120000
6,1692,2,3,650,0,846,846,2,2,1,6,2009,2009,0.0,224500
6,1430,2,3,400,2,384,774,3,2,1,8,2000,2000,0.0,170000
4,1109,1,3,288,3,372,576,3,1,2,5,1971,2005,82.0,139000
4,1216,1,3,336,3,832,832,3,1,2,6,1947,1950,0.0,118500
6,1477,1,3,216,3,861,877,3,2,2,6,1928,1950,0.0,145000
4,1320,2,3,564,3,1164,1320,3,1,1,6,1966,1966,97.0,164500
6,1392,2,2,540,2,689,703,2,2,2,5,2007,2007,0.0,146000
4,1795,1,3,352,3,1050,1050,3,2,2,7,1954,1954,335.0,131500
5,1429,2,3,572,3,1144,1429,2,1,2,7,1960,1987,85.0,181900
7,2042,3,0,1390,0,2042,2042,0,2,1,8,2008,2009,306.0,253293
5,816,0,3,0,2,816,816,3,1,3,5,1990,1990,104.0,118500
9,2775,2,0,880,3,1237,1521,2,3,2,9,1893,2000,0.0,325000
3,1573,1,3,240,3,884,989,2,1,2,6,1935,1995,0.0,133000
7,2028,3,2,880,0,1868,2028,2,2,1,7,2005,2006,208.0,369900
5,838,1,3,275,3,816,838,1,1,0,5,1918,2000,0.0,130000
4,860,2,3,528,3,840,860,3,1,2,4,1982,1982,0.0,137000
4,1473,1,3,452,3,1437,1473,0,1,2,5,1968,2003,0.0,143000
4,935,1,3,308,3,742,779,3,1,2,4,1930,1960,0.0,79500
6,1582,2,2,520,2,770,770,2,2,1,6,2004,2004,0.0,185900
9,2296,3,0,842,0,1722,1728,0,2,1,10,2008,2008,420.0,451950
4,816,2,3,816,3,816,816,3,1,0,4,1982,2003,0.0,138000
5,848,2,2,420,2,848,848,2,1,0,4,2003,2003,170.0,140000
4,924,1,3,280,2,924,924,3,1,2,5,1975,1975,0.0,110000
7,1826,3,2,758,2,1814,1826,2,2,0,7,2005,2006,238.0,319000
5,1368,1,3,216,3,684,684,3,1,2,7,1910,1993,0.0,114504
6,1402,3,2,648,0,1258,1402,2,0,0,7,2006,2007,72.0,194201
4,1647,2,3,621,2,1430,1647,2,2,0,7,1977,1977,459.0,217500
5,1556,2,3,452,2,716,716,3,2,0,6,1980,1980,0.0,151000
7,1904,2,2,736,2,1058,1058,0,2,0,8,2005,2005,280.0,275000
5,1375,1,3,544,3,780,780,2,1,2,6,1937,1950,0.0,141000
7,1915,2,2,506,2,908,927,2,2,0,8,1992,1992,0.0,220000
6,1200,2,2,480,2,600,600,2,2,1,4,2004,2005,0.0,151000
6,1494,2,2,530,2,1494,1494,2,2,1,6,2002,2002,99.0,221000
6,1986,2,3,486,3,768,1186,3,2,2,7,1965,1990,176.0,205000
4,1040,2,3,576,2,1040,1040,2,1,2,6,1996,1996,0.0,152000
4,2008,1,3,230,3,896,1112,0,3,2,8,1948,2002,0.0,225000
7,3194,2,3,380,2,965,1940,3,2,2,10,1934,1998,0.0,359100
3,1029,1,3,261,3,1029,1029,3,1,2,5,1961,1961,192.0,118500
8,2153,3,2,736,0,1440,1476,0,2,0,8,2000,2000,204.0,313000
5,1032,2,3,564,2,1032,1032,3,2,2,6,1978,1978,233.0,148000
7,1872,2,2,531,2,1299,1299,0,2,1,7,2001,2001,108.0,261500
4,1120,0,3,0,2,1120,1120,3,1,3,6,2007,2007,0.0,147000
3,630,0,3,0,2,630,630,3,1,3,3,1972,1972,0.0,75500
5,1054,2,3,480,3,936,1054,2,1,1,6,1963,1963,156.0,137500
5,1509,2,2,393,2,783,807,2,2,0,7,2002,2003,0.0,183200
5,832,2,3,528,3,832,832,2,1,2,4,1954,1954,0.0,105500
8,1828,3,0,774,0,1822,1828,2,2,2,9,2007,2007,452.0,314813
7,2262,3,2,749,2,1482,1482,2,2,0,10,2003,2003,226.0,305000
2,864,0,3,0,3,864,864,3,1,3,5,1914,1950,0.0,67000
5,2614,2,3,624,3,1522,1548,3,2,1,9,1974,1997,0.0,240000
4,980,2,3,484,3,980,980,3,1,2,6,1977,1977,153.0,135000
5,1512,2,2,440,2,756,756,2,2,2,4,2000,2000,513.0,168500
5,1790,2,3,484,3,732,1012,3,1,1,8,1972,1972,288.0,165150
5,1116,2,3,440,3,1116,1116,3,1,2,5,1962,1962,261.0,160000
4,1422,1,3,286,3,978,1422,3,1,1,6,1960,1978,0.0,139900
5,1520,1,3,364,3,1156,1520,3,1,1,7,1955,1972,164.0,153000
4,2080,2,3,504,2,1040,1040,1,1,2,9,1969,1969,192.0,135000
5,1350,2,3,520,3,1248,1350,3,1,1,6,1964,1964,259.0,168500
4,1750,1,3,240,1,636,1089,0,1,2,8,1880,1991,0.0,124000
7,1554,2,2,627,2,1554,1554,2,2,1,6,2006,2006,108.0,209500
6,1411,2,3,544,3,1386,1411,3,2,0,6,1977,1977,209.0,82500
4,1056,1,3,260,3,1056,1056,3,1,2,6,1954,2005,0.0,139400
5,1056,2,3,576,3,1056,1056,3,0,2,4,1980,1980,0.0,144000
5,3395,0,1,0,3,1440,1440,1,2,3,14,1914,1995,0.0,200000
1,800,0,1,0,3,264,800,1,1,3,4,1936,1950,0.0,60000
4,1387,1,3,256,3,811,811,2,2,2,7,1954,1954,0.0,93000
4,796,0,3,0,1,796,796,3,1,3,4,1910,1950,0.0,85000
7,1567,3,2,648,2,1520,1567,0,2,0,7,2006,2006,0.0,264561
7,1518,2,0,588,0,1518,1518,0,1,1,6,2003,2004,472.0,274000
6,1929,2,2,650,2,1057,1057,2,2,0,7,2001,2001,0.0,226000
7,2704,2,2,538,2,1952,2000,0,2,0,9,1972,1995,0.0,345000
4,1620,2,3,462,3,780,780,3,2,0,7,1969,1969,263.0,152000
8,1766,3,0,478,0,1766,1766,0,2,0,7,2009,2009,162.0,370878
5,981,2,3,576,3,981,981,3,1,2,5,1971,1971,0.0,143250
4,1048,2,3,420,4,0,1048,3,1,2,7,1950,1950,0.0,98300
5,1094,2,3,495,3,1094,1094,3,1,1,5,1953,1953,216.0,155000
5,1839,2,3,442,3,756,1051,3,1,2,7,1966,1966,351.0,155000
3,630,0,3,0,2,630,630,3,1,3,3,1970,1970,0.0,84500
6,1665,2,2,562,2,813,822,2,2,1,7,2007,2007,103.68526170798899,205950
3,1510,1,3,296,3,755,755,3,1,2,7,1940,1950,0.0,108000
6,1716,2,2,512,2,880,909,2,2,1,7,1996,1996,0.0,191000
5,1469,1,3,216,3,756,756,3,1,2,7,1906,1995,0.0,135000
7,2113,3,2,839,2,2109,2113,2,2,0,7,1995,1995,660.0,350000
5,1092,1,3,264,3,525,525,3,1,2,6,1971,1971,381.0,88000
4,1053,1,2,312,3,1053,1053,2,1,1,5,1959,2006,54.0,145500
6,1502,1,3,270,2,776,851,3,1,1,6,1931,2000,0.0,149000
5,1458,1,3,330,3,912,912,3,1,2,6,1948,1950,0.0,97500
4,1486,2,3,480,3,1486,1486,3,1,0,7,1964,1999,0.0,167000
6,1935,2,3,550,2,793,1142,3,2,1,7,1976,1976,233.0,197900
7,2448,3,2,711,2,1629,1686,2,2,1,8,1994,2005,528.0,402000
5,1392,2,3,576,1,1392,1392,3,1,1,5,1968,1968,216.0,110000
3,1181,2,3,588,2,1138,1181,3,2,1,6,1972,1972,0.0,137500
7,2097,3,2,1134,0,2077,2097,0,1,0,8,2005,2006,0.0,423000
7,1936,2,2,504,2,1406,1454,2,2,1,7,2000,2000,40.0,230500
5,2380,2,3,596,2,1021,1465,3,2,2,7,1965,1979,113.0,129000
5,1679,2,3,575,2,1408,1679,2,2,1,7,1994,1998,258.0,193500
4,1437,2,3,576,3,1188,1437,3,1,2,6,1956,1987,0.0,168000
3,1180,1,3,252,1,700,1180,1,1,2,5,1922,1950,0.0,137500
5,1476,2,2,540,2,738,738,2,2,0,7,2005,2005,0.0,173500
5,1369,1,3,300,3,672,697,3,2,2,6,1925,1950,0.0,103600
5,1208,2,2,546,2,1208,1208,3,1,1,6,1977,1977,0.0,165000
5,1839,2,3,416,3,1477,1839,2,2,0,7,1957,2004,106.0,257500
5,1136,1,3,384,3,1136,1136,3,1,1,5,1965,1965,0.0,140000
5,1441,2,3,440,3,855,855,3,2,2,7,1978,1978,0.0,148500
3,1774,3,3,779,3,1095,1095,3,2,2,8,1900,1950,0.0,87000
4,792,1,2,240,3,768,792,2,1,2,5,1924,2006,0.0,109500
7,2046,3,2,834,0,2046,2046,2,2,0,7,2008,2008,464.0,372500
4,988,2,3,572,3,988,988,3,1,2,5,1961,1961,57.0,128500
5,923,1,3,264,2,923,923,3,2,1,5,1980,1980,0.0,143000
4,1520,1,3,281,3,793,848,3,1,2,6,1932,2000,0.0,159434
5,1291,2,3,431,2,1291,1291,2,1,2,6,1996,1997,0.0,173000
8,1668,3,2,702,2,1626,1668,2,2,0,7,2002,2002,215.0,285000
6,1839,2,2,486,2,1195,1195,3,2,0,7,1998,1998,30.0,221000
6,2090,2,2,577,2,1190,1190,2,2,0,6,1984,1984,0.0,207500
6,1761,2,2,578,2,874,874,2,3,0,7,2007,2007,0.0,227875
6,1102,2,2,480,2,551,551,2,2,2,4,2004,2004,0.0,148800
7,1419,2,2,567,2,1419,1419,2,2,1,7,2007,2007,0.0,392000
5,1362,2,2,460,2,1362,1362,2,2,1,6,2005,2006,256.0,194700
5,848,2,2,420,2,848,848,2,1,1,3,2004,2004,147.0,141000
9,4316,3,0,832,0,2444,2444,0,3,0,10,1994,1995,1170.0,755000
6,2519,2,2,628,2,1210,1238,2,2,1,9,1989,1990,293.0,335000
4,1073,1,3,326,3,1073,1073,3,1,2,4,1921,1968,0.0,108480
4,1539,2,3,576,3,927,1067,3,1,2,5,1936,1950,0.0,141500
5,1137,2,3,551,2,1112,1137,2,2,2,5,1987,1987,72.0,176000
4,616,1,3,205,3,616,616,3,1,2,4,1921,1950,0.0,89000
4,1148,1,3,308,0,980,1148,3,1,2,6,1952,1952,0.0,123500
4,894,1,3,336,3,894,894,3,1,2,5,1965,2009,0.0,138500
6,1391,2,2,530,2,1391,1391,2,2,1,5,2004,2004,0.0,196000
7,1800,3,2,765,0,1800,1800,2,2,0,7,2002,2002,630.0,312500
6,1164,2,3,528,3,1164,1164,3,1,2,6,1969,1969,168.0,140000
7,2576,3,0,666,0,1234,1264,0,2,0,10,2006,2006,466.0,361919
4,1812,2,3,672,2,360,1032,2,2,2,8,1900,1996,0.0,140000
6,1484,2,2,606,2,1473,1484,2,2,1,7,2004,2005,109.0,213000
3,1092,0,1,0,4,0,372,1,2,3,7,1930,1950,0.0,55000
6,1824,2,3,739,2,1643,1824,2,2,2,5,1971,2002,351.0,302000
7,1324,2,2,550,2,1324,1324,2,2,0,6,2006,2006,176.0,254000
6,1456,2,2,400,2,728,728,2,2,0,8,2007,2007,0.0,179540
4,904,1,3,408,3,876,904,3,1,2,6,1966,1966,41.0,109900
2,729,0,2,0,3,270,729,3,1,3,5,1935,2003,0.0,52000
3,1178,1,3,384,3,859,859,3,1,1,7,1900,1950,0.0,102776
7,1228,2,2,472,2,1228,1228,2,2,0,5,1988,1989,0.0,189000
3,960,2,3,576,3,960,960,3,1,2,6,1970,1970,160.0,129000
5,1479,2,2,475,3,725,725,2,2,1,6,1976,2005,289.0,130500
5,1350,2,3,478,2,1064,1350,3,2,1,7,1974,1974,174.0,165000
6,2554,2,3,704,3,718,1576,3,1,2,8,1890,1998,0.0,159500
4,1178,2,3,439,2,1176,1178,2,1,2,5,1973,2000,0.0,157000
6,2418,3,2,983,2,1311,1325,2,2,1,9,1993,1994,651.0,341000
4,971,1,3,300,2,971,971,3,1,2,5,1969,1969,0.0,128500
7,1742,2,2,564,2,1742,1742,2,2,1,5,1985,1985,0.0,275000
5,848,2,2,420,2,848,848,2,1,1,3,2004,2004,169.0,143000
3,864,2,3,463,3,864,864,3,1,2,5,1970,1970,0.0,124500
3,1470,1,3,548,3,941,997,3,2,2,7,1954,1972,0.0,135000
8,1698,3,0,768,0,1698,1698,0,2,0,8,2007,2008,340.0,320000
3,864,2,3,660,3,864,864,2,1,2,5,1970,1970,0.0,120500
5,1680,2,2,540,2,880,1680,2,2,0,5,1988,2007,260.0,222000
6,1232,2,2,632,2,1232,1232,2,2,1,6,2007,2007,82.0,194500
4,1776,3,3,888,3,1584,1776,3,2,2,9,1958,1958,95.0,110000
3,1208,2,3,539,3,780,848,3,1,2,5,1925,1950,0.0,103000
7,1616,2,2,608,2,1595,1616,2,2,1,5,1995,1996,0.0,236500
6,1146,2,2,438,0,868,1146,2,2,0,6,2003,2003,442.0,187500
6,2031,2,2,541,2,1153,1153,2,2,0,8,1998,1999,202.0,222500
4,1144,1,3,264,3,864,1144,3,1,1,6,1961,1983,0.0,131400
4,948,1,3,300,3,948,948,3,1,2,6,1968,1968,0.0,108000
6,1768,2,3,320,2,880,880,3,1,2,6,1914,1970,0.0,163000
2,1040,2,3,400,4,0,1040,3,2,2,6,1950,1950,0.0,93500
7,1801,3,2,800,2,893,901,2,2,0,8,2005,2005,0.0,239900
4,1200,0,3,0,2,1200,1200,3,3,3,5,1987,1988,0.0,179000
6,1728,2,2,572,2,864,864,2,2,1,7,2004,2004,0.0,190000
4,1432,2,3,360,1,264,768,3,2,2,7,1910,2002,0.0,132000
5,912,1,3,288,3,912,912,2,1,2,5,1961,1996,0.0,142000
6,1349,2,3,539,2,1349,1349,3,2,2,6,2000,2001,108.0,179000
4,1464,2,3,480,2,520,1464,3,2,1,6,1963,1999,0.0,175000
7,1337,2,2,462,2,1337,1337,2,2,1,5,1993,1993,0.0,180000
7,2715,2,0,831,3,1142,1175,2,3,0,11,1976,1996,289.0,299800
6,2256,2,2,554,2,952,980,2,2,0,8,2000,2000,0.0,236000
6,2640,4,2,864,3,1240,1320,2,1,2,8,1880,2003,0.0,265979
6,1720,2,2,527,2,1720,1720,2,2,0,7,1996,1996,338.0,260400
3,1529,1,3,240,4,0,1088,3,2,2,9,1945,1950,0.0,98000
3,1140,0,3,0,3,576,792,3,1,3,7,1910,2004,0.0,96500
6,1320,2,2,400,2,660,660,2,2,0,6,2003,2003,0.0,162000
5,1494,2,3,576,2,1479,1494,2,2,1,6,1997,1997,0.0,217000
7,2098,3,2,878,2,1030,1038,0,2,1,8,2005,2005,178.0,275500
5,1026,2,3,440,3,1026,1026,2,1,1,5,1969,2005,0.0,156000
5,1471,2,3,440,2,729,742,3,2,2,6,1999,1999,894.0,172500
7,1768,2,2,578,2,866,866,2,2,1,7,2007,2007,0.0,212000
5,1386,2,3,440,3,672,672,3,2,0,6,1978,1978,328.0,158900
6,1501,2,3,440,2,744,757,3,2,2,6,1999,1999,360.0,179400
7,2531,3,2,752,2,1318,1328,2,2,1,9,1995,1995,513.0,290000
5,864,1,3,300,3,864,864,3,1,2,5,1959,1959,0.0,127500
4,1301,2,3,440,3,1145,1301,1,1,2,5,1924,1950,0.0,100000
6,1547,2,3,614,2,756,764,2,2,2,7,2009,2009,0.0,215200
7,2365,3,2,856,2,1252,1268,2,2,1,8,1999,1999,673.0,337000
7,1494,2,2,481,2,1494,1494,0,1,0,6,1995,1996,0.0,270000
8,1506,2,2,592,2,1498,1506,0,2,0,6,2008,2008,284.0,264132
6,1714,2,3,496,2,980,980,3,2,2,7,1988,1988,42.0,196500
5,1750,1,3,423,2,983,983,3,2,2,7,1940,1985,0.0,160000
6,1836,2,2,484,2,1860,1836,2,2,0,8,2004,2005,0.0,216837
7,3279,3,0,841,2,1650,1690,0,3,0,12,2003,2003,603.0,538000
4,858,2,3,576,2,858,858,3,1,2,5,1982,1982,0.0,134900
3,1220,2,3,396,1,836,1220,3,1,2,6,1951,1951,0.0,102000
5,1117,2,3,672,3,1029,1117,3,1,2,6,1976,1976,0.0,107000
4,912,1,3,275,3,912,912,3,1,1,5,1958,1958,1.0,114500
7,1973,3,2,895,2,1935,1973,2,2,0,9,2006,2006,375.0,395000
5,1204,2,3,412,0,1204,1204,3,2,0,5,1998,1998,320.0,162000
6,1614,3,2,865,2,1614,1614,2,2,1,7,2005,2006,240.0,221500
4,894,2,3,440,3,864,894,3,1,2,5,1974,1974,0.0,142500
4,2020,2,3,630,4,0,2020,3,2,2,10,1977,1977,320.0,144000
5,1004,2,3,504,2,975,1004,3,1,2,4,1977,1977,90.0,135000
6,1253,2,3,402,2,1237,1253,3,2,0,6,1995,1996,38.0,176000
5,1603,2,2,484,2,761,810,2,2,1,7,1992,1992,0.0,175900
6,1430,2,2,605,2,1413,1430,2,2,1,6,2001,2002,0.0,187100
4,1110,2,3,602,2,1097,1110,2,1,0,4,1978,1978,104.0,165500
5,1484,0,3,0,3,742,742,3,2,3,9,1914,2001,0.0,128000
5,1342,2,3,457,3,1372,1342,3,2,2,7,1967,1967,0.0,161500
4,1652,1,3,416,1,686,966,3,2,2,7,1915,1950,0.0,139000
6,2084,2,2,618,2,956,956,2,2,1,8,2004,2004,0.0,233000
3,901,1,3,281,3,901,901,3,1,2,4,1954,2000,0.0,107900
5,2087,2,3,444,3,832,976,2,2,0,9,1966,2007,157.0,187500
6,1145,2,2,397,2,1145,1145,2,2,0,5,2005,2006,11.0,160200
5,1062,2,3,539,2,1029,1062,3,1,1,5,1976,1976,0.0,146800
6,2013,2,2,455,2,1117,1127,3,2,2,8,1996,1997,0.0,269790
7,1496,2,2,474,2,1496,1496,2,2,0,7,2007,2007,140.0,225000
6,1895,2,2,409,2,712,1086,2,2,0,7,1994,1996,0.0,194500
5,1564,2,3,476,2,650,888,3,2,2,7,1980,1981,130.0,171000
5,1285,2,3,528,3,660,1285,3,1,1,7,1977,1977,148.0,143500
4,773,1,3,240,3,773,773,3,1,2,4,1953,1953,0.0,110000
8,3140,3,0,820,0,1926,1966,0,3,0,11,2008,2009,860.0,485000
4,1768,1,3,240,2,731,981,2,1,2,7,1937,1950,252.0,175000
5,1688,2,3,603,2,616,616,2,2,1,8,1997,1997,0.0,200000
3,1196,2,3,440,3,1196,1196,3,1,2,5,1916,1990,0.0,109900
6,1456,2,2,410,2,728,728,2,2,0,7,2005,2005,0.0,189000
8,2822,3,0,1020,0,1734,1734,0,3,1,12,2008,2009,424.0,582933
4,1128,1,3,286,3,936,1128,3,1,2,5,1954,1954,0.0,118000
6,1428,2,2,554,2,1417,1428,0,2,1,6,2008,2008,256.0,227680
4,980,1,3,384,3,980,980,3,2,0,6,1967,1967,0.0,135500
4,1576,2,3,528,3,1324,1072,2,1,1,6,1923,2004,0.0,223500
4,1086,2,3,484,3,1024,1086,3,1,1,6,1966,1966,1047.0,159950
4,2138,2,3,360,3,849,1075,3,2,2,11,1898,1965,0.0,106000
5,1309,2,3,484,3,1040,1309,2,1,1,5,1974,1999,99.0,181000
5,848,2,2,420,2,848,848,2,1,0,4,2004,2004,169.0,144500
4,1044,2,1,504,3,540,1044,1,1,2,4,1952,1952,0.0,55993
5,1442,1,3,301,3,1442,1442,3,1,1,7,1958,1958,243.0,157900
4,1250,1,3,280,3,686,686,1,1,2,7,1918,1950,0.0,116000
6,1661,2,3,598,2,1649,1661,2,2,1,6,1998,1998,442.0,224900
4,1008,1,3,275,3,1008,1008,3,1,1,4,1954,1954,0.0,137000
7,1689,3,2,857,2,1568,1689,2,2,1,7,2002,2002,148.0,271000
5,1052,2,3,440,3,1010,1052,3,1,2,6,1971,1971,80.0,155000
6,1358,2,2,484,2,1358,1358,2,2,1,6,2009,2010,128.0,224000
6,1640,2,2,595,2,798,798,2,2,1,6,2003,2003,0.0,183000
3,936,2,1,576,1,936,936,3,1,2,4,1953,1953,0.0,93000
6,1733,2,2,433,2,847,847,2,2,0,7,2003,2003,0.0,225000
5,1489,1,3,240,3,778,944,3,2,2,7,1940,1950,0.0,139500
7,1489,2,2,776,2,1489,1489,2,2,1,7,2006,2006,0.0,232600
9,2084,3,0,1220,0,2078,2084,0,2,0,7,2007,2008,816.0,385000
4,784,0,3,0,3,784,784,2,1,3,5,1924,1950,0.0,109500
6,1434,2,2,527,2,1454,1434,2,2,1,6,2001,2001,0.0,189000
4,2126,2,3,538,3,1013,1160,3,2,0,7,1967,1967,0.0,185000
6,1223,2,2,480,2,600,520,2,2,1,4,2005,2005,0.0,147400
5,1392,2,3,458,3,1392,1392,3,1,1,6,1957,1957,387.0,166000
6,1200,2,3,480,2,600,520,2,2,1,4,2005,2005,0.0,151000
6,1829,2,2,613,2,941,941,2,2,1,7,2003,2003,223.0,237000
5,1516,2,3,472,3,1516,1516,3,1,1,6,1964,1964,180.0,167000
4,1144,2,3,456,3,1144,1144,3,1,2,6,1961,1961,136.0,139950
3,1067,2,3,436,2,1067,1067,2,2,2,4,1950,1995,0.0,128000
4,1559,2,3,812,3,1559,1559,3,1,2,5,1948,1973,0.0,153500
5,987,1,3,264,3,483,483,3,1,2,5,1973,1973,158.0,100000
4,1099,1,3,352,2,1099,1099,2,1,2,6,1995,2006,0.0,144000
4,1200,1,3,240,3,768,768,3,1,2,6,1946,1995,0.0,130500
5,1482,1,3,400,3,672,810,1,2,2,7,1925,1950,0.0,140000
4,1539,2,3,686,3,650,958,2,2,2,8,1904,2002,0.0,157500
5,1165,2,3,490,3,1127,1165,3,1,1,6,1966,1966,183.0,174900
4,1800,0,3,0,3,1800,1800,3,2,3,10,1961,1961,0.0,141000
4,1416,3,3,720,3,876,876,3,1,2,7,1915,1950,0.0,153900
4,1701,2,3,611,2,1390,1701,3,2,0,6,1975,1981,0.0,171000
6,1775,2,2,425,2,740,1006,2,2,2,7,1993,1993,137.0,213000
4,864,1,3,338,3,864,864,3,1,2,5,1972,1972,0.0,133500
5,2358,2,3,360,3,907,1307,3,3,2,10,1908,1997,0.0,240000
5,1855,2,2,512,3,528,1094,3,2,1,7,1976,1994,360.0,187000
5,848,2,2,420,2,848,848,2,1,0,3,2003,2003,170.0,131500
7,1456,2,2,400,2,1273,1456,2,2,0,7,2003,2003,40.0,215000
6,1646,1,3,240,3,918,918,3,2,2,7,1941,1950,0.0,164000
5,1445,2,3,645,3,1127,1445,3,1,1,7,1964,1964,115.0,158000
4,1779,2,3,454,3,1763,1779,3,1,2,6,1955,1974,0.0,170000
4,1040,1,3,260,3,1040,1040,3,1,2,6,1962,2010,0.0,127000
5,1026,2,3,576,2,940,1026,3,1,2,5,1978,1978,0.0,147000
5,1481,2,3,343,2,702,702,3,2,0,6,1994,1995,0.0,174000
6,1370,2,3,479,2,1090,1370,3,2,1,6,1976,1976,189.0,152000
5,2654,2,3,619,3,1054,1512,2,2,2,9,1968,1984,220.0,250000
6,1426,1,2,216,3,912,912,2,1,2,7,1918,1998,0.0,189950
4,1039,2,3,504,3,1039,1039,3,1,2,6,1965,1965,0.0,131500
5,1097,2,3,480,2,1040,1097,3,2,2,6,1984,1985,0.0,152000
4,1148,1,3,672,3,1148,1148,3,1,2,6,1959,1959,0.0,132500
6,1372,2,2,529,0,1372,1372,2,2,0,6,2007,2008,0.0,250580
4,1002,2,3,902,3,1002,1002,3,1,2,5,1970,1970,76.0,148500
7,1646,3,2,870,2,1638,1646,2,2,1,6,2006,2007,274.0,248900
3,1120,2,3,544,3,1040,1120,1,1,1,5,1961,1961,0.0,129000
4,2320,2,3,672,4,0,1547,3,2,2,7,1948,1950,0.0,169000
6,1949,2,2,574,2,1050,1062,2,2,0,8,1993,1994,246.0,236000
4,894,1,3,308,3,894,894,3,1,2,5,1962,1962,0.0,109500
5,1682,2,3,523,2,804,804,2,2,1,7,1998,1998,116.0,200500
4,910,2,2,414,3,105,910,2,1,2,5,1953,1996,0.0,116000
4,1268,1,2,288,3,832,1036,3,1,2,6,1949,1950,0.0,133000
4,1131,1,3,200,3,676,676,3,1,2,5,1941,1950,0.0,66500
7,2610,2,2,550,2,1184,1184,0,2,0,11,2007,2007,0.0,303477
3,1040,2,3,648,3,1064,1040,3,1,2,5,1963,1963,0.0,132250
8,2224,3,2,738,0,1462,1462,0,2,0,10,2004,2005,216.0,350000
4,1155,2,3,576,3,1109,1155,2,1,2,6,1961,1995,0.0,148000
4,864,1,2,336,3,864,864,3,1,2,6,1978,2005,90.0,136500
4,1090,2,3,450,0,1090,1090,3,1,0,5,2005,2006,0.0,157000
6,1717,2,2,400,2,1156,1187,2,2,1,7,1990,1991,117.0,187500
5,1593,2,3,389,2,808,808,3,2,1,7,1992,1993,0.0,178000
3,2230,1,2,440,3,795,954,3,1,2,10,1912,1950,0.0,118500
4,892,1,3,288,3,892,892,3,1,1,5,1967,1967,60.0,100000
8,1709,2,2,506,0,1698,1709,2,2,0,5,1999,2000,60.0,328900
4,1712,2,3,588,3,1626,1712,3,2,0,8,1959,2005,122.0,145000
4,1393,1,3,300,3,816,872,3,1,2,8,1955,1955,0.0,135500
7,2217,2,2,621,3,2217,2217,2,2,2,8,1970,1970,0.0,268000
5,1505,2,3,505,3,1505,1505,3,1,1,6,1953,1953,90.0,149500
4,924,2,3,576,3,672,672,3,1,2,6,1949,2006,0.0,122900
5,1683,2,3,440,3,918,918,3,2,1,7,1978,1978,92.0,172500
5,1068,1,3,264,3,1059,1068,3,1,1,6,1963,2003,0.0,154500
4,1383,1,3,354,2,1383,1383,3,1,2,6,1954,1954,0.0,165000
4,1535,2,3,400,4,0,1535,3,2,2,8,1979,1979,0.0,118858
5,1796,2,3,483,3,780,983,3,1,1,8,1963,1963,415.0,140000
3,951,1,3,327,3,951,951,3,1,2,6,1936,1950,0.0,106500
4,2240,2,3,528,4,0,1120,3,2,2,12,1979,1979,0.0,142953
8,2364,3,0,820,0,2330,2364,0,2,0,11,2009,2010,760.0,611657
4,1236,1,3,288,3,912,1236,3,1,2,6,1961,1994,0.0,135000
3,858,1,3,684,3,858,858,3,1,2,4,1971,1971,0.0,110000
4,1306,1,3,756,3,992,1306,3,1,2,5,1957,2000,0.0,153000
6,1509,2,2,393,2,783,807,2,2,0,8,2003,2003,0.0,180000
6,1670,3,2,690,2,1670,1670,2,2,1,7,2006,2006,27.0,240000
4,902,1,3,288,3,876,902,3,1,2,6,1967,1967,75.0,125500
4,1063,1,3,280,3,1056,1063,3,1,1,6,1954,1954,110.0,128000
7,1636,3,2,865,2,1623,1636,2,2,1,8,2006,2006,208.0,255000
6,2057,1,2,180,2,1017,1020,2,1,0,6,1936,1987,0.0,250000
4,902,2,3,484,2,864,902,3,1,2,5,1983,1983,0.0,131000
5,1484,2,2,390,2,742,742,2,2,0,8,2005,2005,0.0,174000
4,2274,2,3,480,3,1105,1105,3,2,2,12,1960,1960,361.0,154300
4,1268,1,3,252,2,1268,1268,2,1,2,5,1977,1989,0.0,143500
4,1015,1,3,450,3,768,1015,3,1,2,6,1925,1950,0.0,88000
4,2002,3,3,871,3,1001,1001,3,2,2,8,1949,1950,0.0,145000
5,1224,2,2,528,2,612,612,2,2,1,4,2009,2009,76.0,173733
3,1092,1,3,286,3,546,546,3,1,2,6,1970,1970,80.0,75000
1,480,1,3,308,3,480,480,3,0,2,4,1949,1950,0.0,35311
3,1229,1,3,284,3,1134,1229,3,1,1,6,1956,1956,0.0,135000
6,2127,3,2,833,0,1104,912,2,2,1,8,1991,1991,0.0,238000
5,1414,2,0,601,2,1184,1414,3,1,2,6,1958,2002,0.0,176500
5,1721,2,2,471,2,928,936,2,2,1,7,1994,1994,105.0,201000
4,2200,0,3,0,3,1272,1272,3,2,3,9,1900,2003,0.0,145900
5,1316,2,2,397,2,1316,1316,2,2,0,6,2005,2006,0.0,169990
5,1617,2,2,533,2,1604,1617,2,2,1,5,1993,1994,0.0,193000
5,1686,2,3,612,2,1686,1686,3,2,2,7,1980,1980,157.0,207500
4,1126,2,3,540,2,1126,1126,0,2,1,6,1977,1977,0.0,175000
7,2374,3,2,656,2,1181,1234,0,2,0,10,2003,2004,340.0,285000
6,1978,2,3,486,3,832,1098,3,2,1,9,1968,1968,342.0,176000
7,1788,2,2,522,2,1753,1788,0,2,1,7,2001,2001,0.0,236500
6,2236,2,3,642,2,964,993,2,2,0,8,1997,1997,285.0,222000
7,1466,3,2,610,2,1466,1466,2,2,0,7,2007,2007,0.0,201000
4,925,1,3,429,3,925,925,3,1,2,5,1965,1965,0.0,117500
8,1905,3,0,788,0,1905,1905,0,2,0,8,2006,2006,302.0,320000
6,1500,2,2,570,2,1500,1500,2,2,1,6,2004,2004,210.0,190000
6,2069,2,3,505,2,585,2069,2,2,1,9,1960,2007,0.0,242000
3,747,2,3,528,1,600,747,3,1,2,5,1926,1953,108.0,79900
6,1200,2,2,555,2,1176,1200,2,2,1,5,2003,2003,103.68526170798899,184900
6,1971,2,2,689,2,1113,1113,2,2,1,8,2005,2005,0.0,253000
6,1962,3,2,868,2,1391,1391,2,2,1,7,2006,2006,0.0,239799
6,2403,1,3,349,3,1032,1207,3,2,2,10,1940,1950,0.0,244400
5,1728,2,3,574,3,1728,1728,3,2,2,8,1976,1976,0.0,150900
6,2060,2,2,390,2,992,1022,2,2,1,8,1999,1999,298.0,214000
3,1440,0,3,0,2,1440,1440,3,2,3,8,1977,1977,0.0,150000
4,1632,2,3,576,3,1632,1632,3,2,2,8,1967,1967,0.0,143000
5,1344,2,3,525,3,819,1344,2,1,1,7,1958,1958,541.0,137500
4,1869,2,3,456,3,1088,1188,3,1,2,7,1890,1996,0.0,124900
4,1144,1,3,796,3,1144,1144,3,1,1,6,1959,1959,128.0,143000
7,1629,3,2,808,2,1616,1629,2,2,0,9,2002,2003,236.0,270000
6,1776,2,2,474,2,936,936,2,2,1,7,2002,2002,144.0,192500
5,1381,2,3,676,3,1161,1381,2,1,1,5,1972,2006,0.0,197500
4,864,2,3,720,3,864,864,2,1,1,5,1950,2002,0.0,129000
4,965,1,3,300,3,828,965,3,1,2,6,1965,1965,0.0,119900
4,768,1,3,396,2,768,768,3,1,0,5,1972,2003,0.0,133900
4,1968,2,3,530,3,784,1168,3,2,1,7,1969,1969,232.0,172000
5,980,0,3,0,2,945,980,3,2,3,4,1975,1975,250.0,127500
5,1958,2,3,492,2,979,979,3,2,2,8,1946,1950,423.0,145000
5,1229,2,3,462,2,561,561,3,1,0,5,1980,1980,0.0,124000
4,1057,2,3,576,3,1057,1057,3,1,0,6,1962,1962,0.0,132000
6,1337,2,2,531,2,1337,1337,2,2,1,6,2003,2003,0.0,185000
6,1416,2,2,484,2,696,696,2,2,2,6,1999,1999,0.0,155000
4,858,0,3,0,3,858,858,3,1,3,4,1958,2008,0.0,116500
5,2872,2,3,619,2,1330,1542,3,2,0,11,1977,1995,424.0,272000
5,1548,2,3,440,2,804,804,2,2,2,7,1976,1976,0.0,155000
8,1800,2,2,702,0,1800,1800,0,2,0,7,2007,2007,0.0,239000
6,1894,2,2,510,2,817,824,2,2,0,8,2002,2003,44.0,214900
5,1484,2,2,393,2,783,783,2,2,0,8,2005,2007,0.0,178900
4,1308,1,2,256,3,728,976,3,1,2,7,1940,1950,0.0,160000
4,1098,1,3,260,3,1098,1098,3,1,2,6,1955,1955,151.0,135000
2,968,0,3,0,3,600,600,3,1,3,6,1910,1950,0.0,37900
5,1095,1,3,264,3,588,1095,3,1,1,6,1958,1958,105.0,140000
3,1192,0,3,0,3,720,720,3,1,3,6,1949,1950,0.0,135000
6,1626,2,2,474,2,764,764,2,2,1,6,2003,2004,106.0,173000
5,918,1,3,264,2,918,918,3,2,2,5,1979,1979,0.0,99500
6,1428,2,2,480,2,1428,1428,2,2,0,6,2007,2008,103.68526170798899,182000
6,2019,2,3,532,2,728,1136,2,1,2,8,1910,1993,0.0,167500
6,1382,2,2,490,2,673,673,2,2,2,6,2000,2000,0.0,165000
3,869,0,3,0,2,440,869,1,1,3,4,1923,1958,0.0,85500
6,1241,2,2,569,2,1241,1241,2,1,0,4,2006,2007,103.68526170798899,199900
3,894,2,3,400,3,894,894,3,1,2,5,1954,1954,0.0,110000
4,1121,2,3,480,3,1121,1121,3,1,2,5,1963,1963,0.0,139000
6,999,2,0,588,3,944,999,0,1,1,6,1961,2007,210.0,178400
7,2612,3,2,676,2,1225,1276,2,2,0,8,1998,1999,975.0,336000
6,1266,2,2,388,2,1266,1266,2,2,0,6,2007,2007,16.0,159895
7,2290,2,2,779,2,1128,1149,2,2,2,9,2002,2002,0.0,255900
4,1734,2,3,539,4,0,1302,2,2,2,8,1977,1977,0.0,126000
4,1164,1,3,240,3,1164,1164,3,1,2,5,1950,1950,0.0,125000
5,1635,1,3,255,3,485,1001,2,1,2,5,1910,2003,0.0,117000
8,1940,3,0,606,0,1930,1940,0,2,0,8,2009,2010,450.0,395192
5,2030,2,3,551,3,848,1118,2,2,0,8,1976,1976,298.0,195000
6,1576,2,2,614,2,770,778,2,2,1,6,2006,2006,0.0,197000
7,2392,3,2,870,2,1396,1407,2,2,0,7,1997,1998,423.0,348000
7,1742,2,2,424,3,916,916,2,1,2,8,1882,1986,0.0,168000
5,1851,2,3,440,3,822,1020,2,2,1,7,1964,1993,340.0,187000
5,1500,2,3,564,2,750,750,2,2,1,6,2005,2006,0.0,173900
9,1718,3,0,786,0,1700,1718,0,2,0,7,2006,2007,230.0,337500
3,1230,1,3,305,3,747,774,3,1,2,5,1946,1950,0.0,121600
4,1050,1,3,368,3,1050,1050,3,1,2,6,1961,1961,0.0,136500
5,1442,2,3,615,3,1442,1442,3,2,1,6,1970,1970,571.0,185000
2,1077,1,3,210,3,1007,1077,3,1,2,6,1922,1950,0.0,91000
6,1208,2,2,632,2,1187,1208,2,2,1,6,2006,2006,24.0,206000
2,944,2,3,528,4,0,944,1,1,2,4,1952,1952,0.0,82000
4,691,1,3,216,1,691,691,0,1,2,4,1920,1950,0.0,86000
7,1574,3,2,824,2,1574,1574,2,2,1,7,2006,2006,53.0,232000
4,1680,2,3,528,3,1680,1680,3,2,2,8,1976,1976,164.0,136905
6,1504,2,2,457,2,1346,1504,2,2,0,7,2005,2006,16.0,181000
4,985,1,2,328,2,985,985,3,2,2,6,1977,1977,220.0,149900
5,1657,2,3,484,2,1657,1657,3,2,2,7,1970,1970,0.0,163500
3,1092,1,3,286,3,546,546,3,1,1,6,1970,1970,0.0,88000
6,1710,2,2,550,0,1710,1710,2,2,0,7,2004,2005,108.0,240000
4,1522,0,3,0,3,1008,1008,3,2,3,7,1926,1950,0.0,102000
4,1271,1,3,312,3,720,720,3,2,2,7,1948,1950,0.0,135000
4,1664,0,3,0,4,0,1664,3,2,3,8,1965,1965,0.0,100000
5,1502,1,3,180,3,602,900,2,1,2,7,1923,1996,0.0,165000
4,1022,1,3,280,3,1022,1022,3,1,2,4,1910,2006,0.0,85000
5,1082,1,3,240,3,1082,1082,3,1,2,5,1948,1950,206.0,119200
7,1665,2,2,528,2,810,810,2,2,0,6,2001,2001,0.0,227000
6,1504,2,2,478,2,1504,1504,2,2,0,6,1996,1996,196.0,203000
7,1360,2,2,565,2,1220,1360,2,1,1,4,1984,1984,0.0,187500
6,1472,2,2,402,2,384,802,2,2,1,7,1991,1992,76.0,160000
6,1506,2,2,440,2,1362,1506,2,2,0,6,2005,2005,145.0,213490
3,1132,2,3,451,2,1132,1132,2,1,0,5,2005,2005,0.0,176000
6,1220,2,2,632,2,1199,1220,2,2,1,6,2006,2006,84.0,194000
4,1248,1,3,160,3,912,912,3,1,2,6,1930,1950,0.0,87000
6,1504,2,2,437,2,1346,1504,2,2,0,7,2005,2006,14.0,191000
7,2898,2,2,665,2,1565,2898,2,2,0,10,1976,1976,0.0,287000
4,882,2,3,461,3,882,882,3,1,2,5,1972,1972,0.0,112500
4,1264,2,3,461,3,1268,1264,3,1,2,6,1960,1960,324.0,167500
7,1646,3,2,800,2,1638,1646,2,2,1,7,2007,2008,338.0,293077
4,1376,1,3,240,3,768,968,3,1,2,6,1941,1950,0.0,105000
5,1218,1,3,264,3,672,672,3,1,2,7,1972,1972,281.0,118000
4,1928,0,3,0,3,686,948,3,2,3,10,1916,1995,0.0,160000
6,3082,2,3,672,3,824,1687,3,2,0,12,1920,1970,0.0,197000
7,2520,3,2,796,2,1338,1352,2,2,1,10,1993,1993,0.0,310000
6,1654,3,2,900,2,1654,1654,2,2,2,6,2002,2002,295.0,230000
4,954,1,3,240,1,920,954,1,1,2,5,1938,1950,0.0,119750
3,845,1,3,290,4,0,845,3,1,2,5,1957,1957,0.0,84000
8,1620,3,2,912,0,1620,1620,0,2,0,6,2007,2008,70.0,315500
7,2263,2,2,905,2,1055,1055,2,2,0,7,2001,2002,396.0,287000
3,1344,0,3,0,3,546,798,3,1,3,6,1970,2008,0.0,97000
3,630,1,3,286,2,630,630,3,1,2,3,1970,1970,0.0,80000
4,1803,2,3,484,3,1134,1803,3,2,1,8,1957,2000,67.0,155000
5,1632,2,3,484,3,800,800,2,1,2,7,1966,2000,252.0,173000
5,1306,2,2,624,2,1306,1306,2,2,1,5,2005,2005,135.0,196000
6,2329,2,3,514,2,1475,1532,2,2,2,10,1990,1990,99.0,262280
7,2524,2,2,542,2,2524,2524,2,2,0,9,1981,1981,0.0,278000
2,1733,2,3,452,4,0,1733,3,2,2,8,1955,1955,0.0,139600
8,2868,3,2,716,0,1992,1992,0,3,0,11,2005,2006,208.0,556581
4,990,2,3,672,2,990,990,3,1,2,5,1994,1995,0.0,145000
4,1771,2,3,336,4,0,1771,3,1,2,9,1960,2006,75.0,115000
3,930,1,3,308,4,0,930,2,1,2,6,1946,2006,0.0,84900
6,1302,2,2,436,2,1302,1302,2,2,0,6,2007,2007,0.0,176485
6,1316,2,2,440,2,1316,1316,2,2,0,6,2007,2007,0.0,200141
5,1977,2,3,540,3,816,1127,3,1,1,9,1964,1978,272.0,165000
4,1526,1,3,364,3,1216,1526,3,1,2,7,1957,2002,145.0,144500
7,1989,2,2,586,2,1065,1091,2,2,0,7,2002,2002,210.0,255000
5,1523,2,3,478,2,1193,1523,3,2,0,7,1976,1976,160.0,180000
6,1364,2,2,484,2,1364,1364,2,2,1,6,2005,2005,240.0,185850
6,1850,2,2,467,2,973,979,2,2,0,7,1994,1994,0.0,248000
8,2184,3,0,836,0,1104,1130,0,2,0,10,2008,2008,154.0,335000
5,1991,2,3,432,3,854,1096,3,1,2,7,1932,1950,480.0,220000
7,1338,2,2,582,2,1338,1338,2,2,0,6,2001,2001,0.0,213500
2,894,3,1,1248,3,894,894,3,1,1,6,1935,1950,0.0,81000
4,2337,2,3,560,3,662,1422,3,2,2,10,1900,1950,0.0,90000
5,1103,2,3,440,3,1103,1103,2,1,2,5,1925,1980,0.0,110500
4,1154,2,3,480,3,1154,1154,3,1,1,6,1966,1966,200.0,154000
6,2260,2,2,533,0,1306,1306,2,2,1,7,1996,1997,0.0,328000
5,1571,2,2,380,2,799,799,3,2,1,7,1993,1994,0.0,178000
5,1611,2,3,442,3,780,798,3,1,1,7,1964,1964,360.0,167900
5,2521,2,3,576,2,942,1291,3,2,0,10,1973,1973,0.0,151400
4,893,2,3,576,3,845,893,2,1,2,4,1949,2003,0.0,135000
4,1048,1,3,286,3,1048,1048,3,1,2,6,1956,1956,120.0,135000
5,1556,2,3,441,3,727,829,3,1,2,8,1968,1968,0.0,154000
4,1456,1,3,280,1,810,1002,3,1,2,7,1948,1950,0.0,91500
5,1426,2,3,440,3,690,698,3,1,0,6,1977,1977,140.0,159500
6,1240,3,2,826,2,1240,1240,2,2,1,5,2006,2006,0.0,194000
6,1740,1,3,240,3,800,960,3,1,2,6,1940,1984,0.0,219500
4,1466,2,3,566,1,796,1096,2,2,2,7,1936,1989,0.0,170000
4,1096,1,3,299,3,1096,1096,3,1,0,6,1969,1969,0.0,138800
5,848,2,2,420,2,848,848,2,1,1,3,2004,2004,169.0,155900
4,990,1,3,299,2,990,990,3,1,2,5,1994,1994,0.0,126000
5,1258,2,2,528,3,1258,1258,2,2,1,5,1971,2004,144.0,145000
4,1040,1,3,308,3,1040,1040,3,1,0,5,1963,1963,0.0,133000
6,1459,2,2,527,2,1459,1459,2,2,1,6,2002,2002,100.0,192000
5,1251,1,3,461,3,1251,1251,3,1,1,6,1964,1964,425.0,160000
5,1498,2,3,409,2,691,691,3,2,0,6,1995,1996,0.0,187500
5,996,2,3,564,2,936,996,2,1,2,5,1992,1992,0.0,147000
3,1092,1,3,286,3,546,546,3,1,1,6,1973,1973,0.0,83500
7,1953,3,2,1043,2,1082,1082,2,2,1,9,2005,2006,0.0,252000
6,1709,2,2,380,2,970,970,2,2,2,7,2004,2004,50.0,137500
7,1247,2,2,550,2,1247,1247,2,1,0,4,2005,2005,0.0,197000
2,1040,2,3,400,4,0,1040,3,2,2,6,1950,1950,0.0,92900
6,1252,2,2,462,2,600,624,2,2,2,4,1999,2000,212.0,160000
5,1694,2,3,576,3,1181,1390,3,2,2,7,1925,1950,0.0,136500
4,1200,2,3,884,3,864,1200,2,1,2,6,1965,1998,166.0,146000
4,936,1,3,308,3,936,936,3,1,0,4,1956,2000,0.0,129000
5,1314,2,2,440,2,1314,1314,2,2,1,6,2006,2006,0.0,176432
5,1355,0,3,0,3,684,773,2,1,3,7,1914,2006,0.0,127000
7,1088,2,2,461,2,1074,1088,2,1,1,5,1986,1986,0.0,170000
3,1324,1,3,240,3,672,757,3,1,2,6,1936,1950,0.0,128000
6,1601,2,3,478,2,1271,1601,3,2,1,7,1978,1978,206.0,157000
1,438,1,3,246,3,290,438,1,1,2,3,1920,1950,0.0,60000
4,950,1,3,280,3,950,950,3,1,2,5,1971,1971,0.0,119500
4,1134,1,3,254,3,1010,1134,3,1,1,6,1960,2002,45.0,135000
5,1194,2,3,539,3,655,1194,3,1,0,6,1959,1959,0.0,159500
4,1302,2,3,440,3,630,630,3,2,2,6,1970,1970,304.0,106000
7,2622,2,2,712,0,1463,1500,2,2,1,9,1994,1995,362.0,325000
6,1442,2,2,719,2,910,1442,2,2,0,6,1990,1991,0.0,179900
6,2021,2,2,422,0,868,887,2,2,1,9,2006,2006,0.0,274725
5,1690,2,3,463,2,924,948,3,2,1,7,2000,2000,0.0,181000
7,1836,3,2,862,0,1836,1836,2,2,0,7,2004,2005,42.0,280000
5,1658,2,3,431,2,773,773,3,2,0,8,1995,1996,0.0,188000
6,1964,2,3,483,3,803,1098,3,2,1,8,1976,1976,660.0,205000
4,816,1,3,308,3,816,816,3,1,2,5,1957,1957,0.0,129900
4,1008,1,3,240,3,1008,1008,2,1,2,6,1953,2006,0.0,134500
4,833,1,3,326,3,833,833,2,1,2,4,1954,2000,0.0,117000
7,1734,3,2,928,0,1734,1734,0,2,1,7,2007,2007,328.0,318000
7,1419,2,2,527,2,408,779,2,2,0,7,2002,2002,0.0,184100
4,894,2,3,450,3,894,894,2,1,1,5,1967,2003,0.0,130000
4,1601,1,3,300,3,533,1021,3,1,1,6,1958,1987,0.0,140000
4,1040,1,3,286,3,1040,1040,3,1,1,6,1959,1959,0.0,133700
5,1012,1,3,308,3,1012,1012,3,1,2,6,1920,1950,0.0,118400
6,1552,3,2,782,2,1552,1552,2,2,1,7,2005,2006,196.0,212900
3,960,1,3,288,3,672,960,3,1,2,5,1956,1956,0.0,112000
4,698,0,3,0,3,698,698,3,1,3,4,1947,2008,0.0,118000
6,1482,2,3,392,2,384,812,2,2,0,7,1992,1992,170.0,163900
3,1005,2,3,672,3,1005,1005,1,1,2,5,1955,1955,0.0,115000
6,1555,3,2,660,2,1373,1555,2,2,0,7,2007,2007,130.0,174000
6,1530,3,2,630,2,1530,1530,2,2,0,7,2004,2004,0.0,259000
6,1959,2,2,434,2,847,847,2,2,0,8,2004,2005,0.0,215000
4,936,2,3,672,2,936,936,3,1,2,4,1980,1980,180.0,140000
3,1981,2,3,576,3,1122,1328,2,2,2,7,1928,1950,0.0,135000
4,974,0,3,0,2,974,974,3,1,3,5,1991,1992,0.0,93500
5,2210,1,3,205,3,1008,1178,1,2,2,8,1880,1950,0.0,117500
7,2020,2,2,466,2,1128,1142,2,2,1,8,1995,1995,0.0,239500
5,1600,2,3,460,2,916,916,3,2,0,7,1997,1997,0.0,169000
5,986,1,3,180,3,960,986,3,1,2,5,1926,1950,0.0,102000
5,1252,1,3,288,3,1032,1032,3,1,2,6,1950,1950,0.0,119000
4,1020,0,3,0,3,780,780,3,1,3,6,1875,1996,0.0,94000
5,1567,2,3,714,3,1567,1567,2,2,1,5,1977,1977,0.0,196000
4,1167,2,3,495,3,915,1167,3,1,2,6,1920,1950,0.0,144000
4,952,2,3,840,3,952,952,3,1,2,4,1951,1951,0.0,139000
4,1868,2,3,484,3,780,1088,2,2,2,9,1976,1976,44.0,197500
7,2828,3,2,1052,0,1466,1466,2,3,1,11,2006,2007,340.0,424870
4,1006,0,3,0,3,1006,1006,3,1,3,5,1959,1959,0.0,80000
3,924,1,3,280,2,672,672,1,1,2,5,1941,1950,0.0,80000
4,1576,1,3,225,3,1042,1042,3,1,2,8,1928,1950,0.0,149000
5,1298,2,2,403,2,1298,1298,2,2,2,5,1985,1985,85.0,180000
6,1564,1,3,234,3,704,860,1,1,2,7,1941,1950,0.0,174500
6,1111,1,3,288,3,572,572,3,1,2,5,1926,1950,0.0,116900
6,1482,2,3,324,3,650,832,3,1,2,7,1920,1988,0.0,143000
5,932,1,3,306,3,932,932,2,1,2,4,1950,1950,0.0,124000
4,1466,2,3,528,3,1466,1466,1,1,0,6,1959,1959,132.0,149900
5,1811,2,3,470,3,1073,1811,0,1,0,6,1956,2004,0.0,230000
5,816,1,2,432,3,816,816,3,1,2,5,1930,2007,0.0,120500
6,1820,2,3,492,3,864,902,2,1,2,8,1965,1988,288.0,201800
4,1437,2,2,528,2,1437,1437,2,2,1,6,1976,2004,0.0,218000
4,1265,2,3,502,3,1219,1265,2,2,1,6,1965,1999,0.0,179900
6,1314,2,2,626,2,1314,1314,2,2,1,6,2007,2008,166.0,230000
7,1580,3,2,830,2,1580,1580,2,2,1,7,2007,2008,186.0,235128
5,1876,2,2,540,3,901,943,2,2,1,8,1974,1974,270.0,185000
5,1456,2,3,440,2,855,855,3,2,2,7,1978,1978,0.0,146000
5,1640,2,2,924,3,1296,1640,2,1,2,7,1954,2006,72.0,224000
4,894,2,3,450,2,894,894,3,1,0,5,1968,1968,0.0,129000
3,1258,2,3,400,2,1198,1258,3,0,2,6,1969,1969,0.0,108959
4,1432,2,3,588,2,1360,1432,2,1,2,5,1978,1978,0.0,194000
6,1502,2,2,644,2,1502,1502,2,2,1,7,2009,2009,268.0,233170
7,1694,3,2,776,2,1694,1694,2,2,1,7,2008,2008,72.0,245350
5,1671,2,3,472,2,959,959,3,2,0,7,2000,2000,0.0,173000
5,2108,2,3,540,3,1127,1236,2,2,2,7,1935,1986,0.0,235000
9,3627,3,2,807,0,1930,1831,2,3,0,10,1995,1996,1378.0,625000
5,1118,1,3,358,3,1096,1118,3,1,0,6,1977,1977,0.0,171000
5,1261,2,3,433,3,1261,1261,3,1,1,6,1958,1958,0.0,163000
6,1250,2,2,625,2,625,625,2,2,0,5,2006,2007,0.0,171900
4,3086,0,3,0,3,1598,1636,0,3,3,12,1946,1994,0.0,200500
5,2345,2,3,360,2,952,1170,3,2,2,9,1932,1950,0.0,239000
7,2872,2,2,541,2,1683,2129,2,2,0,9,1992,2000,337.0,285000
4,923,1,3,264,3,876,923,3,1,2,5,1984,1985,0.0,119500
5,1224,1,3,210,3,818,818,3,1,2,5,1926,2004,0.0,115000
4,1343,1,3,186,3,731,820,3,1,2,7,1921,1950,0.0,154900
4,1124,0,3,0,4,0,1124,3,1,3,5,1954,1954,0.0,93000
6,2514,2,3,693,2,1216,1298,3,2,0,8,1990,1991,0.0,250000
7,1652,2,0,482,0,1600,1652,2,2,0,5,2008,2008,186.0,392500
9,4476,3,2,813,0,2396,2411,0,3,0,10,1996,1996,0.0,745000
4,1130,2,3,720,3,1120,1130,3,1,2,5,1920,1950,0.0,120000
4,1572,3,3,995,3,1572,1572,3,1,1,5,1963,1963,226.0,186700
4,1221,1,3,392,3,784,949,3,1,2,7,1924,1950,0.0,104900
2,1699,2,3,420,1,978,1014,3,2,2,7,1900,1970,0.0,95000
7,1624,3,2,757,2,1624,1624,2,2,1,5,1994,1995,0.0,262000
6,1660,2,2,493,2,831,831,2,2,1,7,2002,2002,95.0,195000
6,1804,2,3,442,3,994,1028,2,2,0,7,1999,1999,0.0,189000
3,1622,4,3,1356,3,1249,1622,3,1,0,7,1961,1975,149.0,168000
7,1441,2,2,492,2,776,764,2,2,2,5,1999,2000,456.0,174000
4,1472,1,3,250,3,702,842,2,1,2,6,1925,1994,0.0,125000
5,1224,2,3,402,0,1224,1224,3,2,0,5,1999,1999,425.0,165000
5,1352,1,3,299,3,663,663,3,1,0,7,1969,1969,143.0,158000
5,1456,2,3,400,2,728,728,2,2,0,8,2005,2005,0.0,176000
6,1863,3,2,660,2,879,879,2,2,0,9,2006,2006,0.0,219210
6,1690,1,3,225,3,815,815,3,1,2,7,1916,1950,0.0,144000
6,1212,2,2,573,2,1212,1212,2,2,1,6,2001,2001,0.0,178000
3,1382,2,3,459,3,1051,1382,3,1,2,6,1963,1979,51.0,148000
3,864,1,3,280,3,864,864,3,1,2,5,1970,1970,0.0,116050
6,1779,2,3,546,2,866,866,2,2,1,6,1998,1998,0.0,197900
4,1348,1,3,216,3,884,884,3,1,2,5,1925,1997,0.0,117000
6,1630,2,2,451,2,1630,1630,2,2,2,6,2000,2001,171.0,213000
4,1074,2,3,495,2,1056,1074,3,1,1,6,1975,1975,0.0,153500
6,2196,3,2,701,2,2158,2196,2,2,1,7,1990,1991,234.0,271900
3,1056,1,3,384,3,1056,1056,3,1,2,5,1966,1966,0.0,107000
5,1700,2,2,544,2,1682,1700,2,2,1,7,2003,2003,120.0,200000
4,1283,2,3,506,3,931,1283,3,1,2,6,1962,1980,0.0,140000
7,1660,2,2,500,0,1660,1660,2,2,1,8,2006,2006,420.0,290000
5,1845,2,2,462,2,1055,1055,2,2,1,8,1992,1992,0.0,189000
7,1752,2,2,492,2,559,1080,3,2,1,8,1988,2005,0.0,164000
3,672,1,3,234,3,672,672,3,1,2,4,1941,1950,0.0,113000
3,960,1,3,364,3,648,960,3,0,2,3,1965,2001,0.0,145000
4,999,1,3,300,3,925,999,3,1,2,6,1962,1962,0.0,134500
4,894,1,3,384,3,894,894,3,1,1,5,1966,1966,0.0,125000
5,1902,2,3,539,4,0,1318,3,2,2,8,1978,1978,0.0,112000
7,1314,2,2,552,2,1300,1314,2,2,1,6,2009,2009,72.0,229456
3,912,0,3,0,4,0,672,3,1,3,3,1947,1950,0.0,80500
5,1218,0,3,0,3,672,672,3,1,3,7,1971,1971,236.0,91500
4,912,1,3,288,3,912,912,3,1,2,5,1964,1964,0.0,115000
4,1211,1,3,322,3,952,1211,3,1,2,5,1968,1968,0.0,134000
5,1846,1,3,315,3,1040,1168,3,2,2,7,1949,1950,320.0,143000
4,2136,2,3,528,3,2136,2136,3,2,2,7,1951,1951,44.0,137900
6,1490,2,2,388,2,788,788,2,2,0,8,2004,2005,0.0,184000
5,1138,1,3,264,3,588,1138,3,1,1,6,1958,1958,63.0,145000
5,1933,3,2,668,2,894,894,2,2,0,9,2007,2007,74.0,214000
4,912,2,3,576,3,912,912,2,1,2,5,1965,2008,300.0,147000
8,1702,3,0,1052,0,1702,1702,0,1,0,7,2008,2008,766.0,367294
4,1507,1,3,404,3,1075,1507,3,2,2,7,1960,1960,0.0,127000
4,2620,2,3,600,2,1361,1361,3,2,1,12,1977,1977,1.0,190000
4,1190,2,3,540,3,1106,1190,3,1,2,6,1962,1962,120.0,132500
3,1224,2,3,462,4,0,1224,3,2,2,6,1962,1962,0.0,101800
4,1188,2,3,531,3,1188,1188,3,1,1,6,1959,1959,180.0,142000
4,1964,0,3,0,3,940,1024,3,1,3,7,1911,1950,0.0,130000
4,1784,1,3,180,2,747,892,3,1,2,9,1914,1950,0.0,138887
6,1626,2,2,474,2,764,764,2,2,1,6,2003,2003,106.0,175500
6,1948,2,2,434,2,847,847,2,2,0,8,2004,2005,0.0,195000
5,1141,2,2,484,2,1141,1141,3,1,2,6,2005,2005,0.0,142500
7,1484,2,2,472,2,1476,1484,0,2,1,6,2006,2006,32.0,265900
6,1768,2,2,543,2,884,884,2,2,1,8,2003,2003,252.0,224900
6,1689,3,2,954,2,1689,1689,2,2,1,7,2007,2007,0.0,248328
6,1173,2,3,528,2,1053,1173,2,2,1,6,1974,1974,81.0,170000
9,2076,3,0,850,0,2076,2076,0,2,0,7,2006,2006,103.68526170798899,465000
7,1517,2,3,400,2,792,792,2,1,2,7,1929,1950,0.0,230000
5,1868,2,3,477,2,585,1140,3,3,0,7,1984,2003,74.0,178000
6,1553,2,2,615,2,756,756,2,2,1,6,2005,2006,0.0,186500
5,1034,3,3,888,3,1012,1034,3,1,2,6,1976,1976,335.0,169900
5,2058,2,3,396,2,735,1134,3,1,2,8,1917,1950,0.0,129500
4,988,1,3,276,3,876,988,3,1,2,6,1950,1950,0.0,119000
6,2110,2,2,522,3,2110,2110,0,2,0,8,1968,1968,0.0,244000
6,1405,2,2,478,2,1405,1405,2,2,1,6,2003,2003,163.0,171750
4,874,1,3,288,3,864,874,3,1,1,5,1968,1968,0.0,130000
6,2167,2,2,518,3,1192,1516,2,2,1,9,1974,2003,0.0,294000
6,1656,2,2,397,2,746,760,2,2,0,7,2003,2004,92.0,165400
5,1367,1,3,560,3,884,959,3,1,2,6,1931,1950,0.0,127500
7,1987,2,2,691,2,1986,1987,2,2,0,7,1994,1994,554.0,301500
4,864,0,3,0,1,864,864,3,1,3,4,1922,1950,0.0,99900
6,1166,2,2,400,2,856,1166,2,2,0,5,2005,2005,182.0,190000
5,1054,2,3,460,2,1054,1054,3,1,2,6,1969,1969,0.0,151000
5,1675,2,3,502,2,841,892,3,2,0,7,1999,1999,0.0,181000
4,1050,1,3,338,3,1050,1050,3,1,2,5,1956,1956,0.0,128900
3,1788,1,3,304,3,1104,1104,3,1,2,8,1957,1989,0.0,161500
5,1824,2,3,520,3,764,1060,3,1,2,8,1919,1950,0.0,180500
5,1337,2,2,511,2,1405,1337,2,2,0,5,1998,1999,0.0,181000
6,1452,2,2,506,2,691,713,2,2,2,6,1999,1999,218.0,183900
6,1889,1,1,308,3,925,964,3,1,2,9,1910,1950,0.0,122000
8,2018,3,0,746,0,2002,2018,0,2,0,10,2008,2009,0.0,378500
7,3447,3,3,1014,3,728,1968,2,3,2,11,1935,1997,632.0,381000
4,1524,1,3,315,3,874,874,3,1,2,7,1958,1958,180.0,144000
6,1524,2,2,586,2,1332,1332,2,0,0,4,1979,1979,0.0,260000
5,1489,2,3,462,3,1489,1489,2,2,1,7,1968,1968,0.0,185750
4,935,1,3,288,3,935,935,3,1,2,5,1965,1965,114.0,137000
5,1357,1,3,312,3,1019,1357,0,1,1,5,1959,2006,84.0,177000
4,1250,2,3,552,3,661,661,3,2,2,8,1910,2003,0.0,139000
4,1920,2,3,400,3,928,928,3,2,2,10,1948,1950,567.0,137000
5,1395,2,3,497,3,723,735,3,1,2,6,1972,1972,0.0,162000
5,1724,2,3,480,2,1680,1724,3,1,1,7,1967,1976,359.0,197900
7,2031,2,2,577,2,1128,1128,2,2,1,7,2002,2002,103.68526170798899,237000
3,1128,2,3,528,3,698,698,3,1,1,6,1920,1950,0.0,68400
6,1573,2,2,544,2,1573,1573,2,2,1,6,2002,2002,110.0,227000
6,1339,2,3,484,2,1309,1339,3,2,0,6,1990,1990,54.0,180000
4,1040,2,3,484,2,1040,1040,2,2,2,5,1977,2008,0.0,150500
5,1824,0,3,0,3,912,912,3,2,3,8,1971,1971,0.0,139000
5,2447,1,3,336,3,804,1699,2,2,2,10,1919,1990,0.0,169000
5,1412,1,3,280,3,780,825,3,1,2,6,1939,1950,0.0,132500
5,1328,2,3,528,3,1328,1328,3,1,2,6,1963,1963,451.0,143000
4,1582,2,3,390,3,1624,1582,3,2,2,7,1964,1964,621.0,190000
7,1659,2,2,499,2,1501,1659,0,2,0,5,2000,2000,0.0,278000
7,1970,3,2,753,2,1085,1120,0,2,0,8,2006,2006,788.0,281000
4,1152,2,3,484,3,1152,1152,3,1,1,6,1964,1964,86.0,180500
4,1302,1,3,264,3,630,630,3,2,2,6,1972,1972,268.0,119500
4,2372,1,3,432,3,994,1378,3,2,1,11,1892,1965,0.0,107500
6,1664,2,3,528,2,832,832,3,2,1,8,1976,1976,0.0,162900
4,864,2,3,572,3,864,864,3,1,2,5,1955,1990,0.0,115000
4,1052,1,3,288,3,1052,1052,3,1,1,5,1968,1968,168.0,138500
4,1128,2,3,525,3,1120,1128,3,2,1,6,1963,1963,148.0,155000
5,1072,2,3,525,2,547,1072,3,2,0,5,2005,2006,82.0,140000
9,5642,2,0,1418,0,6110,4692,0,2,0,12,2008,2008,796.0,160000
4,1246,1,3,305,3,1246,1246,2,1,1,6,1959,1994,0.0,154000
6,1983,2,2,490,2,978,1005,2,2,0,9,1999,1999,344.0,225000
5,1494,1,3,213,3,771,753,2,1,2,7,1942,1950,0.0,177500
7,2526,3,2,844,2,1165,1203,2,2,1,8,1994,1994,391.0,290000
6,1616,3,2,834,2,1616,1616,2,2,1,7,2005,2005,228.0,232000
6,1708,2,2,380,2,976,976,2,2,2,7,2004,2004,117.0,130000
8,1652,2,2,840,0,1652,1652,0,2,0,6,2006,2007,300.0,325000
6,1368,2,2,474,2,1368,1368,2,2,1,6,2005,2006,94.0,202500
4,990,2,3,480,2,990,990,3,1,2,5,1994,1995,0.0,138000
4,1122,2,3,528,3,924,1122,2,1,2,6,1948,2005,0.0,147000
5,1294,2,3,496,2,1278,1294,2,2,1,6,1991,1991,88.0,179200
6,1902,2,2,567,2,1902,1902,0,2,0,7,1959,2002,0.0,335000
6,1274,2,2,508,2,1274,1274,2,2,1,6,2005,2007,80.0,203000
7,2810,2,2,750,0,1453,1453,2,2,1,9,1990,1990,336.0,302000
8,2599,3,2,779,2,1393,1422,2,2,0,10,1999,1999,165.0,333168
3,948,1,3,280,3,948,948,3,1,2,5,1954,1954,0.0,119000
5,2112,2,3,576,1,952,1092,3,2,2,9,1969,1969,0.0,206900
7,1630,3,2,860,0,1622,1630,0,2,1,8,2008,2008,270.0,295493
6,1352,2,2,466,0,1352,1352,2,2,1,5,2006,2007,0.0,208900
7,1787,3,2,748,2,1753,1787,2,2,1,7,2001,2002,178.0,275000
3,948,1,3,248,3,864,948,3,1,2,5,1954,1954,132.0,111000
5,1478,2,3,442,3,1478,1478,3,1,1,6,1957,1957,0.0,156500
2,720,1,3,287,4,0,720,3,1,2,4,1949,1950,0.0,72500
6,1923,2,2,564,2,750,1061,2,2,1,8,1992,1992,0.0,190000
3,708,0,1,0,3,420,708,1,1,3,5,1940,1950,0.0,82500
7,1795,3,2,895,0,1795,1795,2,2,1,7,2006,2007,428.0,147000
3,796,0,3,0,3,796,796,3,1,3,5,1922,1950,0.0,55000
2,774,0,3,0,3,544,774,2,1,3,6,1931,2006,0.0,79000
4,816,1,2,264,3,816,816,2,1,2,5,1982,2008,0.0,130500
5,2792,2,2,520,2,1510,1584,3,2,2,8,1920,1950,0.0,256000
6,1632,2,3,462,2,935,955,3,2,0,8,1998,1998,0.0,176500
7,1588,3,2,825,2,1588,1588,2,2,1,7,2006,2006,410.0,227000
4,954,2,3,576,3,911,954,3,1,2,6,1976,1976,0.0,132500
3,816,1,3,288,3,816,816,3,1,2,3,1938,1958,0.0,100000
4,1360,1,3,297,3,803,803,2,1,2,6,1938,1995,0.0,125500
4,1365,2,3,440,3,765,765,3,1,2,7,1970,1970,312.0,125000
5,1334,2,3,630,2,1350,1334,3,2,1,6,1977,1977,360.0,167900
4,1656,2,3,506,3,1656,1656,3,2,2,8,1973,1973,564.0,135000
3,693,0,3,0,3,693,693,1,1,3,4,1941,1950,0.0,52500
6,1861,2,2,492,2,916,920,2,2,1,8,2002,2002,0.0,200000
4,864,1,3,288,3,864,864,3,1,1,5,1972,1972,0.0,128500
3,872,4,3,480,3,858,872,3,1,2,5,1971,1971,0.0,123000
5,1114,2,3,576,2,1114,1114,2,1,2,6,2003,2004,0.0,155000
7,2169,2,2,647,2,1284,1284,2,2,1,7,2002,2002,149.0,228500
5,1913,2,3,342,3,896,1172,3,1,2,9,1928,1950,0.0,177000
6,1456,2,2,440,2,728,728,2,2,0,8,2006,2006,0.0,155835
3,960,1,3,308,3,960,960,1,1,2,5,1920,1950,0.0,108500
6,2156,2,3,508,3,1568,2156,3,2,1,9,1968,2003,0.0,262500
7,1776,3,2,712,0,1732,1776,2,2,0,7,2006,2007,100.0,283463
6,1494,2,2,514,2,1482,1494,2,2,1,5,1998,1998,0.0,215000
7,2358,0,3,0,3,684,938,3,2,3,8,1872,1987,0.0,122000
4,2634,4,3,968,3,1248,1338,3,2,2,12,1969,1969,368.0,200000
5,1716,2,3,490,3,858,858,3,1,0,8,1962,1962,318.0,171000
5,1176,2,2,624,3,698,786,3,1,2,4,1937,2000,0.0,134900
7,3238,3,2,666,2,2033,2053,2,2,0,9,1995,1996,579.0,410000
6,1865,3,2,839,2,992,992,2,2,1,7,2000,2000,0.0,235000
6,1920,2,3,487,3,570,1222,2,3,1,8,1968,1992,143.0,170000
4,892,1,3,264,3,864,892,3,1,1,5,1966,1966,65.0,110000
4,1078,2,3,500,3,1078,1078,3,1,0,6,1971,2008,0.0,149900
5,1573,2,2,440,2,756,769,2,2,2,5,2000,2000,216.0,177500
8,1980,3,2,770,0,1980,1980,0,2,0,8,2004,2005,66.0,315000
4,2601,2,3,621,3,612,990,3,3,1,8,1921,1998,0.0,189000
6,1530,2,2,430,0,1530,1530,2,2,0,7,2005,2005,16.0,260000
3,1738,1,3,368,3,715,1281,3,2,2,7,1920,2007,0.0,104900
5,1412,2,3,432,2,616,616,2,2,0,6,2006,2007,0.0,156932
6,1200,2,2,480,2,600,520,2,2,1,4,2005,2005,0.0,144152
6,1674,2,2,663,2,814,814,2,2,1,7,2000,2000,0.0,216000
6,1790,2,2,588,2,873,882,2,2,1,7,1999,1999,158.0,193000
4,1475,1,3,336,3,757,925,3,2,1,6,1977,1977,0.0,127000
5,848,2,2,420,2,848,848,2,1,0,4,2003,2004,170.0,144000
7,1668,2,2,502,2,1657,1668,2,2,0,8,2003,2003,171.0,232000
3,1374,1,1,338,3,840,840,3,1,0,6,1920,1950,0.0,105000
5,1661,1,3,377,3,992,1661,2,1,1,8,1955,1996,0.0,165500
6,2097,2,3,583,2,1108,1108,2,2,1,8,1998,1998,0.0,274300
9,2633,3,0,804,0,2633,2633,0,2,1,8,2001,2002,705.0,466500
6,1958,3,2,936,2,1026,1026,2,2,0,9,2005,2005,0.0,250000
7,1571,3,2,722,2,1571,1571,2,2,0,7,2007,2007,80.0,239000
5,790,1,3,160,2,768,790,3,1,2,4,1930,1950,0.0,91000
4,1604,2,3,660,3,984,984,3,2,2,6,1941,1960,0.0,117000
5,987,1,3,264,3,483,483,3,1,2,5,1973,1973,408.0,83000
4,1394,2,3,400,2,384,754,2,2,0,7,2006,2007,0.0,167500
2,864,1,3,200,3,864,864,3,1,2,5,1914,1950,0.0,58500
5,2117,2,3,550,3,1205,2117,3,2,0,7,1970,1970,0.0,237500
6,1762,2,3,576,1,596,998,2,1,2,8,1920,1950,0.0,157000
4,1416,2,3,576,3,816,1416,2,2,2,7,1918,2007,0.0,112000
5,1258,1,3,280,3,560,698,3,1,2,6,1939,1950,0.0,105000
3,1154,1,3,240,3,796,796,2,1,2,7,1922,2007,0.0,125500
6,2784,2,3,564,2,1392,1392,2,3,1,12,1978,1978,184.0,250000
5,2526,1,3,216,3,714,1664,2,2,2,10,1916,1950,0.0,136000
8,1746,3,0,758,0,1746,1746,0,2,0,7,2006,2007,160.0,377500
5,1218,2,3,440,3,735,869,3,1,2,6,1941,1950,0.0,131000
6,1525,2,2,541,2,1525,1525,2,2,1,6,2000,2000,244.0,235000
4,1584,3,3,792,3,1584,1584,3,2,2,8,1967,1967,0.0,124000
4,900,1,3,288,3,864,900,3,1,1,6,1967,1967,0.0,123000
5,1912,2,3,672,1,482,1221,3,2,2,7,1905,2000,0.0,163000
6,1500,3,2,648,2,1356,1500,2,2,0,6,2006,2006,45.0,246578
7,2482,3,2,642,2,1094,1133,2,2,0,9,2005,2006,245.0,281213
4,1687,2,3,572,3,747,1687,3,1,2,7,1948,1950,0.0,160000
4,1513,1,3,180,3,939,939,3,1,2,8,1920,2004,0.0,137500
4,1904,1,3,240,3,1208,1136,3,1,2,7,1950,1982,0.0,138000
5,1608,1,3,216,3,976,1160,2,2,2,7,1925,1990,0.0,137450
5,1158,1,3,208,3,862,950,3,1,1,5,1929,1950,0.0,120000
5,1593,2,3,398,3,839,864,3,2,0,8,2004,2004,0.0,193000
6,1294,2,2,662,2,1286,1294,2,2,1,6,2006,2006,0.0,193879
7,1464,3,2,754,2,1485,1464,2,2,2,6,2007,2007,84.0,282922
2,1214,3,3,936,3,672,694,3,1,2,6,1915,1950,0.0,105000
7,1646,2,2,482,0,1594,1646,2,2,0,5,2004,2005,174.0,275000
4,768,2,3,396,2,768,768,3,1,2,5,1972,2007,0.0,133000
4,833,0,3,0,3,833,833,3,1,3,5,1985,1985,0.0,112000
3,1363,2,3,528,1,622,741,3,1,2,6,1910,1950,0.0,125500
6,2093,2,3,542,2,791,1236,3,2,0,7,1986,1991,123.0,215000
6,1840,2,2,622,2,944,944,2,2,1,6,2001,2001,0.0,230000
5,1668,1,3,271,3,856,1112,3,1,2,6,1950,2005,0.0,140000
3,1040,2,3,420,4,0,1040,3,2,2,6,1949,1950,0.0,90000
7,1844,2,2,620,2,1844,1844,2,2,0,7,2005,2006,366.0,257000
5,1848,2,3,370,3,833,1053,2,1,2,8,1923,2000,0.0,207000
6,1569,3,2,660,2,1386,1569,2,2,1,7,2007,2007,130.0,175900
3,2290,2,3,560,3,777,1246,3,2,2,11,1885,1950,0.0,122500
7,2450,3,2,1069,2,1284,1310,2,2,0,7,1998,1998,731.0,340000
4,1144,1,3,336,3,1144,1144,3,1,2,6,1963,1963,0.0,124000
5,1844,2,2,540,3,1844,1844,2,2,1,7,1969,1969,312.0,223000
5,1416,2,3,776,3,708,708,3,2,1,7,1968,1968,420.0,179900
5,1069,2,3,440,2,1069,1069,3,2,1,4,1977,1977,0.0,127500
5,848,2,2,420,2,848,848,2,1,0,3,2003,2003,170.0,136500
5,2201,2,2,432,2,697,1575,2,2,2,8,1966,1966,0.0,274970
4,1344,1,3,484,3,1024,1344,3,1,2,6,1958,1983,0.0,144000
5,1252,2,2,528,3,1252,1252,2,1,2,7,1959,1959,243.0,142000
6,2127,2,2,525,2,1223,1223,2,2,1,5,1994,1994,448.0,271000
4,1558,1,3,288,3,913,1048,3,1,2,6,1945,1950,0.0,140000
4,804,1,3,240,3,788,804,2,1,2,4,1940,1992,294.0,119000
5,1440,2,2,467,2,1440,1440,2,2,0,7,1981,1981,310.0,182900
4,1838,2,2,372,2,732,734,3,2,0,7,2005,2005,0.0,192140
5,958,2,3,440,2,958,958,3,2,1,5,1976,1976,0.0,143750
3,968,1,3,216,3,656,968,3,2,2,5,1927,2007,0.0,64500
5,1792,2,3,451,2,936,962,3,2,0,8,2000,2000,318.0,186500
4,1126,2,3,484,3,1126,1126,3,2,1,5,1977,1977,0.0,160000
5,1537,2,2,462,3,1319,1537,2,1,1,7,1962,2005,237.0,174000
3,864,2,3,528,3,864,864,3,1,2,5,1971,1971,0.0,120500
7,1932,3,0,774,0,1932,1932,0,2,0,7,2008,2008,426.0,394617
5,1236,2,3,923,3,912,1236,3,1,2,6,1957,1996,0.0,149700
6,1725,2,3,550,3,539,1040,3,2,1,6,1979,1979,96.0,197000
5,2555,2,3,672,0,588,1423,3,2,0,11,1922,1994,0.0,191000
5,848,2,2,420,2,848,848,2,1,1,3,2004,2004,147.0,149300
9,2007,3,0,812,0,1017,1026,0,2,0,10,2008,2008,160.0,310000
5,952,1,3,192,3,952,952,1,1,2,4,1916,1950,0.0,121000
6,1422,2,2,626,2,1422,1422,2,2,1,7,2004,2004,106.0,179600
5,913,1,3,240,3,814,913,3,1,2,6,1966,1966,0.0,129000
4,1188,1,3,312,3,1188,1188,3,1,2,6,1962,1962,189.0,157900
7,2090,2,2,556,2,1220,1220,2,2,1,8,1995,1996,438.0,240000
3,1346,1,3,384,1,560,796,3,1,2,6,1910,2000,0.0,112000
4,630,0,3,0,2,630,630,0,1,3,3,1970,1970,0.0,92000
4,1792,0,3,0,2,896,896,3,2,3,8,1974,1974,0.0,136000
7,1578,3,2,840,2,1573,1578,0,2,0,7,2008,2009,194.0,287090
4,1072,2,3,525,2,547,1072,3,1,0,5,2005,2005,80.0,145000
4,1140,0,3,0,2,1140,1140,3,1,3,6,2006,2006,0.0,84500
6,1221,2,2,400,2,1221,1221,2,2,1,6,2004,2005,0.0,185000
5,1647,2,3,460,2,953,953,3,2,1,7,1999,2000,0.0,175000
5,2073,2,3,500,2,1542,2073,3,2,2,7,1978,1988,119.0,210000
6,2340,1,0,252,3,1152,1188,2,2,1,9,1941,2006,0.0,266500
4,1078,1,3,240,3,1078,1078,2,1,2,5,1950,1996,0.0,142125
4,1256,1,2,276,3,1256,1256,3,1,0,6,1965,1965,0.0,147500
